userProfilePK,calendarDate,persistedTimestampGMT,timestampLocal,hydrationSource,valueInML,activityId,capped,estimatedSweatLossInML,duration,uuid_uuid,measuredSweatLossInML
114492112,2023-07-11,2023-07-11 17:04:14.913,2023-07-11T16:24:31.0,GARMIN_ACTIVITY,0.0,11538060215.0,False,594.0,5943.64990234375,4380d699-2bb9-407d-86ea-533f39917e0c,
114492112,2023-07-12,2023-07-12 17:53:36.493,2023-07-12T18:03:30.0,GARMIN_ACTIVITY,0.0,11546007941.0,False,297.0,2979.530029296875,21ac0b2e-b296-411b-9018-9b1bc0ffcc0c,
114492112,2023-07-12,2023-07-12 17:58:25.529,2023-07-12T18:53:25.0,GARMIN_ACTIVITY,0.0,11546048061.0,False,28.0,288.8070068359375,bf174a38-b2c1-46b0-96d0-4402aa2eac80,
114492112,2023-07-13,2023-07-13 20:58:53.843,2023-07-13T21:39:17.0,GARMIN_ACTIVITY,0.0,11554431732.0,False,190.0,1152.97900390625,6e95acb9-5ec4-469f-86a8-25b945880d8c,
114492112,2023-07-13,2023-07-13 21:27:34.203,2023-07-13T21:59:01.0,GARMIN_ACTIVITY,0.0,11554550281.0,False,212.0,1681.3800048828125,3ac83b03-9b42-43c8-a3d5-e44f85b259e0,
114492112,2023-07-14,2023-07-15 09:08:14.712,2023-07-14T19:30:16.0,GARMIN_ACTIVITY,0.0,11563935544.0,False,491.0,4912.55517578125,0123c33e-8250-49c8-8d64-a0d7fea692ae,
114492112,2023-07-18,2023-07-19 07:52:16.487,2023-07-18T19:00:08.0,GARMIN_ACTIVITY,0.0,11593532481.0,False,235.0,2352.326904296875,144f879c-d6fb-4092-a05d-839a30cbd7a7,
114492112,2023-07-18,2023-07-19 07:52:26.411,2023-07-18T19:39:41.0,GARMIN_ACTIVITY,0.0,11593533281.0,False,245.0,2453.30810546875,96028a58-3dfa-4897-9158-d3f6b948d2e9,
114492112,2023-07-21,2023-07-22 23:06:29.992,2023-07-21T16:24:33.0,GARMIN_ACTIVITY,0.0,11620729882.0,False,198.0,1988.9329833984375,967fd8c2-68d1-4fc4-b59b-6fcb0d6b42eb,
114492112,2023-07-21,2023-07-22 23:06:30.943,2023-07-21T17:11:08.0,GARMIN_ACTIVITY,0.0,11620729936.0,False,7.0,80.62100219726562,58a46ec6-76b9-4ab9-8c86-098f95092f43,
114492112,2023-07-21,2023-07-22 23:06:37.271,2023-07-21T17:12:54.0,GARMIN_ACTIVITY,0.0,11620730232.0,False,217.0,2172.93701171875,af9dc9ba-8f12-4721-b37e-5b58a4acbdaa,
114492112,2023-07-21,2023-07-22 23:06:43.104,2023-07-21T17:49:26.0,GARMIN_ACTIVITY,0.0,11620730500.0,False,363.0,3630.802001953125,a9492ac8-3b2b-4b5f-ae87-9e649eeae5d1,
114492112,2023-07-22,2023-07-22 23:06:53.748,2023-07-22T10:30:54.0,GARMIN_ACTIVITY,0.0,11620731044.0,False,391.0,3918.10595703125,6b76ce2d-bcd5-4302-8c97-3593b146b6ff,
114492112,2023-07-22,2023-07-22 23:06:57.458,2023-07-22T11:36:24.0,GARMIN_ACTIVITY,0.0,11620731218.0,False,95.0,958.4349975585938,864382ab-cb91-426c-9340-639d06a8412c,
114492112,2023-07-24,2023-07-24 21:14:34.176,2023-07-24T19:23:24.0,GARMIN_ACTIVITY,0.0,11634798889.0,False,339.0,3397.40087890625,2c45038d-0b27-42b8-ad3a-46c9c69ac72e,
114492112,2023-07-27,2023-07-29 16:01:36.268,2023-07-27T17:44:59.0,GARMIN_ACTIVITY,0.0,11669355813.0,False,438.0,4386.06201171875,382b4fd5-5bbc-4abe-973a-fe4a7bc666fa,
114492112,2023-07-28,2023-07-29 16:01:44.525,2023-07-28T16:05:03.0,GARMIN_ACTIVITY,0.0,11669356857.0,False,312.0,3125.14404296875,8399a382-7d9a-4d1f-b59f-aff958f67cd4,
114492112,2023-07-29,2023-07-30 07:34:58.863,2023-07-29T18:47:06.0,GARMIN_ACTIVITY,0.0,11672831094.0,False,107.0,1073.93701171875,f48e5fe1-5d5d-47b8-8e8e-60eb5ebf0da2,
114492112,2023-07-29,2023-07-30 07:35:02.639,2023-07-29T19:07:36.0,GARMIN_ACTIVITY,0.0,11672831439.0,False,65.0,659.6699829101562,f883ad8a-3115-4c12-ac6d-5087a5a85ba9,
114492112,2023-07-31,2023-08-19 11:45:37.917,2023-07-31T12:31:19.0,GARMIN_ACTIVITY,0.0,11824575814.0,False,93.0,935.5999755859375,5536d91a-c360-4e20-b8f1-bfb1f09d979c,
114492112,2023-08-04,2023-08-19 11:45:45.390,2023-08-04T09:44:49.0,GARMIN_ACTIVITY,0.0,11824576678.0,False,300.0,3008.056884765625,294ee55b-23cf-4295-a1b5-b2a840f7b09f,
114492112,2023-08-07,2023-08-19 11:45:54.785,2023-08-07T15:45:51.0,GARMIN_ACTIVITY,0.0,11824577929.0,False,360.0,3606.77392578125,3bdc5b90-4b08-4a09-8e5b-e253b959643d,
114492112,2023-08-09,2023-08-19 11:46:04.516,2023-08-09T19:39:11.0,GARMIN_ACTIVITY,0.0,11824579100.0,False,391.0,3915.05908203125,266dcdfb-2d11-4845-b24d-04634ead2867,
114492112,2023-08-10,2023-08-19 11:46:15.716,2023-08-10T19:39:19.0,GARMIN_ACTIVITY,0.0,11824580512.0,False,424.0,4245.13916015625,7fbad064-07fe-40f4-aad0-2e644065ea41,
114492112,2023-08-13,2023-08-19 11:46:19.471,2023-08-13T16:03:25.0,GARMIN_ACTIVITY,0.0,11824580987.0,False,83.0,837.2119750976562,4ce52f3d-ff7c-4451-98a8-b1a9c2377b9f,
114492112,2023-08-13,2023-08-19 11:46:24.700,2023-08-13T16:17:38.0,GARMIN_ACTIVITY,0.0,11824581666.0,False,208.0,2085.23388671875,bbdfdfd1-2c23-485d-9c66-f20b025b3933,
114492112,2023-08-15,2023-08-19 11:46:33.195,2023-08-15T10:10:02.0,GARMIN_ACTIVITY,0.0,11824582681.0,False,360.0,3603.43603515625,d5542cba-bbc0-4c07-95f7-2d2a6c2f7e90,
114492112,2023-08-18,2023-08-19 11:46:41.970,2023-08-18T09:40:19.0,GARMIN_ACTIVITY,0.0,11824583676.0,False,337.0,3375.818115234375,df0edd62-a95f-4984-bbbd-7df030ebfaaf,
114492112,2023-08-19,2023-08-19 11:46:50.541,2023-08-19T10:34:22.0,GARMIN_ACTIVITY,0.0,11824584813.0,False,351.0,3514.802001953125,3b2a907f-ece2-43e6-9f65-5af33cfcbc19,
114492112,2023-08-19,2023-08-19 11:46:55.254,2023-08-19T11:33:21.0,GARMIN_ACTIVITY,0.0,11824585405.0,False,148.0,1486.8809814453125,a2fa3f2a-d9bf-470f-9939-04cb30eb3776,
114492112,2023-08-26,2023-08-26 07:42:46.824,2023-08-26T07:30:20.0,GARMIN_ACTIVITY,0.0,11875388774.0,False,119.0,1146.9759521484375,9dac6981-1160-4631-b335-fcc6c86a263f,
114492112,2023-08-26,2023-08-26 07:43:11.574,2023-08-26T08:02:11.0,GARMIN_ACTIVITY,0.0,11875391165.0,False,181.0,1810.446044921875,25776415-6796-4633-a488-71c6068b6c7b,
114492112,2023-08-26,2023-08-26 07:43:20.155,2023-08-26T08:33:02.0,GARMIN_ACTIVITY,0.0,11875391987.0,False,43.0,432.6969909667969,dc7413fb-1d56-4be9-850d-d329c6858689,
114492112,2023-08-26,2023-08-26 07:49:23.707,2023-08-26T08:44:17.0,GARMIN_ACTIVITY,0.0,11875426936.0,False,42.0,291.92498779296875,2f47b2c9-2855-4f1c-ae98-68f29ee5154d,
114492112,2023-08-29,2023-08-31 07:55:57.589,2023-08-29T12:58:31.0,GARMIN_ACTIVITY,0.0,11912639191.0,False,106.0,1062.6209716796875,eb6eb4a3-cc7a-4acf-8e88-6dba86308154,
114492112,2023-08-29,2023-08-31 07:55:59.253,2023-08-29T13:16:29.0,GARMIN_ACTIVITY,0.0,11912639299.0,False,6.0,59.935001373291016,bb5cbefe-786a-4a8e-86e5-3c46ea937028,
114492112,2023-08-29,2023-08-31 07:56:03.926,2023-08-29T13:45:59.0,GARMIN_ACTIVITY,0.0,11912639627.0,False,42.0,424.1189880371094,45d4b4c4-0c88-4c89-87d4-874929b49943,
114492112,2023-08-29,2023-08-31 07:56:07.398,2023-08-29T13:55:31.0,GARMIN_ACTIVITY,0.0,11912639881.0,False,28.0,290.5840148925781,4ecbc79c-c10c-4ecb-99cf-08853c014467,
114492112,2023-09-02,2023-09-02 15:34:36.500,2023-09-02T13:35:22.0,GARMIN_ACTIVITY,0.0,11930373423.0,False,514.0,5147.5869140625,01a0b359-4cf5-41bd-8e93-500dad632d72,
114492112,2023-09-03,2023-09-04 14:07:11.754,2023-09-03T21:42:22.0,GARMIN_ACTIVITY,0.0,11944465838.0,False,83.0,833.218017578125,a09a6755-70fd-4810-b5c9-95d27a681ad8,
114492112,2023-09-05,2023-09-06 08:22:08.875,2023-09-05T17:28:52.0,GARMIN_ACTIVITY,0.0,11958403376.0,False,249.0,2490.631103515625,7b155410-aa0b-46c7-93f9-ec08278a9e6e,
114492112,2023-09-06,2023-09-07 04:55:57.551,2023-09-06T16:42:50.0,GARMIN_ACTIVITY,0.0,11965290171.0,False,109.0,1087.198974609375,6d7fdf5d-0908-4484-9cf6-7a3f6ec3028f,
114492112,2023-09-06,2023-09-07 04:56:13.325,2023-09-06T17:41:25.0,GARMIN_ACTIVITY,0.0,11965291127.0,False,314.0,3148.969970703125,24af5396-85bf-4d78-ac6e-3339c8528d0e,
114492112,2023-09-07,2023-09-09 16:54:08.329,2023-09-07T13:57:08.0,GARMIN_ACTIVITY,0.0,11984866499.0,False,265.0,2652.867919921875,ec9ce8c0-c489-489d-b414-b10e5174be07,
114492112,2023-09-08,2023-09-09 16:54:20.856,2023-09-08T14:23:57.0,GARMIN_ACTIVITY,0.0,11984868146.0,False,202.0,2026.18603515625,4150ddf2-8f2c-47b6-913a-e3286b20bc9a,
114492112,2023-09-08,2023-09-09 16:54:20.856,2023-09-08T14:23:57.0,GARMIN_ACTIVITY,0.0,11984868146.0,False,202.0,2026.18603515625,4150ddf2-8f2c-47b6-913a-e3286b20bc9a,
114492112,2023-09-09,2023-09-09 16:54:28.576,2023-09-09T11:03:54.0,GARMIN_ACTIVITY,0.0,11984869167.0,False,102.0,1028.761962890625,79df3bc7-448a-4397-bf96-6519167c8b19,
114492112,2023-09-09,2023-09-09 16:54:38.124,2023-09-09T11:25:09.0,GARMIN_ACTIVITY,0.0,11984870498.0,False,373.0,3740.337890625,a03163b0-191c-4ecb-a3bd-2d14eee1516f,
114492112,2023-09-10,2023-09-13 05:59:08.710,2023-09-10T15:53:10.0,GARMIN_ACTIVITY,0.0,12011463808.0,False,182.0,1823.6419677734375,1a8badd6-aa97-48d3-b06a-77098e06a943,
114492112,2023-09-11,2023-09-13 05:59:18.872,2023-09-11T18:00:50.0,GARMIN_ACTIVITY,0.0,12011464662.0,False,151.0,1510.9949951171875,7cf8bb6c-4fd0-4768-8263-02ba7b7a5355,
114492112,2023-09-11,2023-09-13 05:59:37.596,2023-09-11T19:05:59.0,GARMIN_ACTIVITY,0.0,12011466194.0,False,273.0,2733.23291015625,5a07833a-f300-4e62-af7e-1ea231f49cb0,
114492112,2023-09-12,2023-09-13 05:59:44.738,2023-09-12T17:31:28.0,GARMIN_ACTIVITY,0.0,12011466833.0,False,90.0,910.8489990234375,b4f38225-737c-4e78-9b31-0ae940b77b1f,
114492112,2023-09-12,2023-09-13 05:59:50.203,2023-09-12T17:55:58.0,GARMIN_ACTIVITY,0.0,12011467279.0,False,228.0,2282.916015625,d3f6e4de-98ac-461c-9b56-11e7997a8964,
114492112,2023-09-12,2023-09-13 05:59:53.338,2023-09-12T18:40:26.0,GARMIN_ACTIVITY,0.0,12011467553.0,False,77.0,777.1630249023438,aac3469e-0d00-482f-b0ec-8192eb186d77,
114492112,2023-09-16,2023-09-22 15:05:19.789,2023-09-16T16:07:25.0,GARMIN_ACTIVITY,0.0,12081336382.0,False,232.0,2320.64111328125,ac7fb375-3773-4dda-9e1d-3273bd6b46fe,
114492112,2023-09-18,2023-09-22 15:05:30.739,2023-09-18T15:20:13.0,GARMIN_ACTIVITY,0.0,12081337532.0,False,371.0,3718.388916015625,865bb883-547d-4375-8f70-feea166739cd,
114492112,2023-09-21,2023-09-22 15:05:40.360,2023-09-21T14:09:32.0,GARMIN_ACTIVITY,0.0,12081338534.0,False,311.0,3118.2900390625,6b33b6f1-1b78-40dd-a50f-58dbd7fe7ef6,
114492112,2023-09-22,2023-09-22 15:05:48.435,2023-09-22T12:47:51.0,GARMIN_ACTIVITY,0.0,12081339456.0,False,116.0,1157.5240478515625,6d0a4313-4f6c-4ee3-975b-358c22f72a17,
114492112,2023-09-22,2023-09-22 15:05:57.115,2023-09-22T13:13:10.0,GARMIN_ACTIVITY,0.0,12081340380.0,False,321.0,3211.030029296875,bdd180e3-3c39-46b0-9176-1c40984046c3,
114492112,2023-09-24,2023-09-26 14:34:58.795,2023-09-24T11:40:06.0,GARMIN_ACTIVITY,0.0,12110396716.0,False,280.0,2804.618896484375,8f2b77be-c392-43da-b601-c0d306ac42f2,
114492112,2023-09-25,2023-09-26 14:35:11.813,2023-09-25T11:24:49.0,GARMIN_ACTIVITY,0.0,12110398150.0,False,264.0,2643.077880859375,30fab410-3b3f-4e2d-a95d-e1fa03e1c408,
114492112,2023-10-02,2023-10-05 15:42:39.546,2023-10-02T14:44:23.0,GARMIN_ACTIVITY,0.0,12185816824.0,False,266.0,2660.489990234375,a7f5457d-a6d5-4336-9f8f-2d8e2f272314,
114492112,2023-10-05,2023-10-05 15:42:41.733,2023-10-05T17:06:33.0,GARMIN_ACTIVITY,0.0,12185817363.0,False,63.0,630.5399780273438,386400bc-1202-437a-8c4b-f3b40acb5e17,
114492112,2023-10-05,2023-10-05 15:42:43.562,2023-10-05T17:18:10.0,GARMIN_ACTIVITY,0.0,12185817824.0,False,30.0,310.3940124511719,c8621c74-c7df-47e0-a37b-d5dded660f2e,
114492112,2023-10-05,2023-10-05 15:42:46.459,2023-10-05T17:25:57.0,GARMIN_ACTIVITY,0.0,12185818468.0,False,46.0,458.4750061035156,526daf7b-61c8-436e-b009-0a065ed16b83,
114492112,2023-10-05,2023-10-05 15:42:51.757,2023-10-05T17:49:02.0,GARMIN_ACTIVITY,0.0,12185819752.0,False,72.0,726.8489990234375,f2e93004-7ea3-4d2f-bbcb-8a98bc9b9437,
114492112,2023-10-05,2023-10-05 15:42:57.798,2023-10-05T18:05:14.0,GARMIN_ACTIVITY,0.0,12185821174.0,False,77.0,780.3400268554688,46055130-37f2-41b1-95e5-d6a6e2f37143,
114492112,2023-10-05,2023-10-05 15:43:01.303,2023-10-05T18:23:56.0,GARMIN_ACTIVITY,0.0,12185821978.0,False,44.0,447.18798828125,525a7fb4-a444-48fd-88b2-a8650985a443,
114492112,2023-10-05,2023-10-12 12:29:08.684,2023-10-05T18:47:12.0,GARMIN_ACTIVITY,0.0,12284626926.0,False,28.0,282.1610107421875,96ab5eff-3c31-4d69-a671-7ee8e4b616dd,
114492112,2023-10-11,2023-10-12 12:29:17.795,2023-10-11T13:02:14.0,GARMIN_ACTIVITY,0.0,12284628835.0,False,157.0,1578.135009765625,c63f2d18-e7b8-42a2-b3e5-58b2746cfaf9,
114492112,2023-10-17,2023-12-13 14:07:42.387,2023-10-17T20:28:22.0,GARMIN_ACTIVITY,0.0,13086265389.0,False,99.0,999.7239990234375,90304b3b-32f0-4e8b-8d50-2de202da3ae3,
114492112,2023-10-17,2023-12-13 14:07:43.907,2023-10-17T20:54:53.0,GARMIN_ACTIVITY,0.0,13086265619.0,False,4.0,44.94300079345703,b5cbc21b-3f13-4a09-be0e-bee4ba96d35d,
114492112,2023-12-13,2023-12-13 22:32:48.605,2023-12-13T17:20:53.0,GARMIN_ACTIVITY,0.0,13091583907.0,False,393.0,3936.550048828125,f8e897e6-dfa1-42d3-9f37-fd0271ee9129,
114492112,2023-12-17,2023-12-18 10:21:51.508,2023-12-17T13:27:24.0,GARMIN_ACTIVITY,0.0,13142629659.0,False,255.0,2555.993896484375,fa8242a7-6231-4f66-8e87-0d396fdc86b1,
114492112,2023-12-17,2023-12-18 10:21:51.508,2023-12-17T13:27:24.0,GARMIN_ACTIVITY,0.0,13142629659.0,False,255.0,2555.993896484375,fa8242a7-6231-4f66-8e87-0d396fdc86b1,
114492112,2023-12-17,2023-12-18 10:21:56.100,2023-12-17T14:10:15.0,GARMIN_ACTIVITY,0.0,13142630252.0,False,112.0,1126.9329833984375,724af2a6-6adf-43b4-889b-e902760ce61c,
114492112,2023-12-17,2023-12-18 10:21:56.100,2023-12-17T14:10:15.0,GARMIN_ACTIVITY,0.0,13142630252.0,False,112.0,1126.9329833984375,724af2a6-6adf-43b4-889b-e902760ce61c,
114492112,2023-12-17,2023-12-18 10:21:59.366,2023-12-17T14:30:23.0,GARMIN_ACTIVITY,0.0,13142630656.0,False,68.0,685.31201171875,c2313dfc-6e69-4a07-a54e-f9ff683db5fd,
114492112,2023-12-17,2023-12-18 10:21:59.366,2023-12-17T14:30:23.0,GARMIN_ACTIVITY,0.0,13142630656.0,False,68.0,685.31201171875,c2313dfc-6e69-4a07-a54e-f9ff683db5fd,
114492112,2023-12-19,2023-12-23 09:09:26.773,2023-12-19T18:04:08.0,GARMIN_ACTIVITY,0.0,13198268550.0,False,247.0,2472.52099609375,ff081831-ac83-4cf7-a6a5-8819f27c93cc,
114492112,2023-12-19,2023-12-23 09:09:29.841,2023-12-19T18:45:30.0,GARMIN_ACTIVITY,0.0,13198269056.0,False,97.0,976.281005859375,4912c32a-f5bb-4d94-9124-8b4776d6cca1,
114492112,2023-12-24,2023-12-30 17:30:07.496,2023-12-24T09:35:48.0,GARMIN_ACTIVITY,0.0,13291107568.0,False,52.0,523.0859985351562,3a89266e-cd7e-4460-b567-6656b42f4404,
114492112,2023-12-24,2023-12-30 17:30:13.160,2023-12-24T09:59:58.0,GARMIN_ACTIVITY,0.0,13291108585.0,False,68.0,683.9920043945312,39a6df9b-bd21-4a76-abc3-09aa5f8c9247,
114492112,2023-12-29,2023-12-30 17:30:23.485,2023-12-29T20:14:22.0,GARMIN_ACTIVITY,0.0,13291110596.0,False,384.0,3848.966064453125,caaaa544-3ff8-4c84-bd1d-81275c1bb690,
114492112,2023-12-30,2023-12-30 17:30:31.113,2023-12-30T13:39:17.0,GARMIN_ACTIVITY,0.0,13291112098.0,False,269.0,2695.739013671875,f6c515c0-a1ed-4579-b6ca-60c0a9f93f38,
114492112,2024-01-02,2024-01-05 10:55:51.487,2024-01-02T17:21:03.0,GARMIN_ACTIVITY,0.0,13368707557.0,False,184.0,1846.998046875,e3afff85-0a80-4c7f-a156-4a54a4d19b20,
114492112,2024-01-03,2024-01-05 10:55:57.421,2024-01-03T13:51:16.0,GARMIN_ACTIVITY,0.0,13368708781.0,False,219.0,2197.4619140625,c9431e11-6516-4cdb-b705-05f64b67bf7a,
114492112,2024-01-04,2024-01-05 10:56:02.206,2024-01-04T18:10:28.0,GARMIN_ACTIVITY,0.0,13368709735.0,False,185.0,1858.656982421875,9dd804d0-b743-45d7-8c49-f82c9880b101,
114492112,2024-01-04,2024-01-05 10:56:05.563,2024-01-04T19:05:03.0,GARMIN_ACTIVITY,0.0,13368710448.0,False,95.0,958.301025390625,3dc488c1-b387-4890-bf6b-735d3b76d33d,
114492112,2024-01-04,2024-01-05 10:56:14.910,2024-01-04T19:22:37.0,GARMIN_ACTIVITY,0.0,13368712181.0,False,315.0,3155.990966796875,aaafe748-d78a-42e3-bcd6-33e008300e8c,
114492112,2024-01-07,2024-01-08 08:02:05.891,2024-01-07T14:06:49.0,GARMIN_ACTIVITY,0.0,13409921647.0,False,90.0,903.5139770507812,8dec47ff-ac76-44b6-a89f-8b80b31f72e5,
114492112,2024-01-07,2024-01-08 08:02:10.412,2024-01-07T14:28:40.0,GARMIN_ACTIVITY,0.0,13409922301.0,False,84.0,841.6820068359375,6aea9650-9ed5-48e8-a4dd-21c9cb4d6eb8,
114492112,2024-01-14,2024-01-15 22:06:21.286,2024-01-14T18:38:09.0,GARMIN_ACTIVITY,0.0,13522029532.0,False,345.0,3459.782958984375,1439158a-d8aa-44b7-9c24-2de25b0f9c91,
114492112,2024-01-15,2024-01-15 22:06:27.629,2024-01-15T17:22:41.0,GARMIN_ACTIVITY,0.0,13522030495.0,False,197.0,1976.196044921875,9eaa675d-ffc7-4278-aaa1-21e604a61ff9,
114492112,2024-01-15,2024-01-15 22:06:30.485,2024-01-15T18:01:28.0,GARMIN_ACTIVITY,0.0,13522030963.0,False,65.0,660.5089721679688,aa891d29-e2d7-4103-81aa-4b8d22eb26c3,
114492112,2024-01-16,2024-01-18 08:58:59.218,2024-01-16T17:24:24.0,GARMIN_ACTIVITY,0.0,13555225071.0,False,53.0,539.5460205078125,4dfb1378-faa2-4192-bccf-8c4fe9f20e77,
114492112,2024-01-16,2024-01-18 08:59:01.379,2024-01-16T17:37:54.0,GARMIN_ACTIVITY,0.0,13555225381.0,False,9.0,96.68000030517578,34b51330-a433-4f35-af06-070959d3afc1,
114492112,2024-01-16,2024-01-18 08:59:05.398,2024-01-16T17:49:15.0,GARMIN_ACTIVITY,0.0,13555225970.0,False,91.0,915.5250244140625,6773b112-2e65-4ab2-b9a2-8812d4b232b7,
114492112,2024-01-16,2024-01-18 08:59:08.163,2024-01-16T18:11:30.0,GARMIN_ACTIVITY,0.0,13555226335.0,False,30.0,303.95599365234375,0ae8a7b4-8f9a-4e7f-97c9-ce2017b7277c,
114492112,2024-01-18,2024-01-26 08:25:54.489,2024-01-18T19:03:26.0,GARMIN_ACTIVITY,0.0,13669627370.0,False,231.0,2316.87890625,dca11d87-aac7-41d1-a131-3747a1b31204,
114492112,2024-01-20,2024-01-26 08:26:03.936,2024-01-20T16:32:13.0,GARMIN_ACTIVITY,0.0,13669628619.0,False,346.0,3468.739990234375,0d1ee31f-17e8-4420-b0ee-9eba81ceee62,
114492112,2024-01-21,2024-01-26 08:26:06.786,2024-01-21T19:01:40.0,GARMIN_ACTIVITY,0.0,13669629043.0,False,83.0,834.2589721679688,8a26f7ab-ec0e-46cf-8684-5a9263b2ff1f,
114492112,2024-01-21,2024-01-26 08:26:12.790,2024-01-21T19:21:26.0,GARMIN_ACTIVITY,0.0,13669629901.0,False,231.0,2318.824951171875,d59ab247-50ea-4441-8316-0d5dd7c5f2e6,
114492112,2024-01-24,2024-01-26 08:26:15.280,2024-01-24T17:27:24.0,GARMIN_ACTIVITY,0.0,13669630239.0,False,79.0,791.9600219726562,3f0656c9-1b7a-4abc-bc49-fa423ac28b0f,
114492112,2024-01-24,2024-01-26 08:26:17.141,2024-01-24T17:40:53.0,GARMIN_ACTIVITY,0.0,13669630498.0,False,46.0,471.24700927734375,38c4efbc-e8ec-4979-b120-607414c606d6,
114492112,2024-01-24,2024-01-26 08:26:23.791,2024-01-24T18:18:29.0,GARMIN_ACTIVITY,0.0,13669631320.0,False,195.0,1951.946044921875,36c1beb1-80b2-428b-9e07-8f01a8e2bfcb,
114492112,2024-01-25,2024-01-26 08:26:26.829,2024-01-25T17:16:08.0,GARMIN_ACTIVITY,0.0,13669631708.0,False,164.0,1641.4659423828125,36e72ea0-f770-47f3-8ac6-cb754ec62132,
114492112,2024-01-25,2024-01-26 08:26:28.787,2024-01-25T17:43:46.0,GARMIN_ACTIVITY,0.0,13669632009.0,False,36.0,367.14599609375,9456d4c2-671a-40f4-86d9-1d5a0620898c,
114492112,2024-01-26,2024-01-26 08:26:32.696,2024-01-26T07:58:28.0,GARMIN_ACTIVITY,0.0,13669632559.0,False,123.0,1240.8089599609375,00b37be3-830e-4569-beaa-b4f8e7298be0,
114492112,2024-01-26,2024-01-26 08:45:28.375,2024-01-26T08:31:13.0,GARMIN_ACTIVITY,0.0,13669786089.0,False,55.0,560.2869873046875,f4360ba7-2a34-4867-b82d-d445973cdd49,
114492112,2024-01-27,2024-01-31 08:32:18.737,2024-01-27T14:55:17.0,GARMIN_ACTIVITY,0.0,13746499744.0,False,470.0,4708.81591796875,c2b50307-9284-4364-bf3c-0753508f506c,
114492112,2024-01-28,2024-01-31 08:32:22.375,2024-01-28T13:16:53.0,GARMIN_ACTIVITY,0.0,13746500332.0,False,138.0,1386.3389892578125,f0a6a1f6-e7f2-4ceb-a974-9d453bf1b912,
114492112,2024-01-28,2024-01-31 08:32:24.354,2024-01-28T13:42:42.0,GARMIN_ACTIVITY,0.0,13746500652.0,False,52.0,530.3759765625,f3412e07-a983-444c-9494-fd119c0a3625,
114492112,2024-01-28,2024-01-31 08:32:26.799,2024-01-28T13:57:21.0,GARMIN_ACTIVITY,0.0,13746501051.0,False,72.0,723.4869995117188,1611ac54-def9-40f6-90cc-4ecbbfd6a79a,
114492112,2024-01-30,2024-01-31 08:32:28.774,2024-01-30T18:13:42.0,GARMIN_ACTIVITY,0.0,13746501323.0,False,45.0,459.7130126953125,febfc990-aff9-44ab-9d02-cb6e10a46ad1,
114492112,2024-01-30,2024-01-31 08:32:34.427,2024-01-30T18:25:51.0,GARMIN_ACTIVITY,0.0,13746502165.0,False,257.0,2571.9970703125,a921bdee-a441-41eb-902f-8ad010a941b2,
114492112,2024-01-31,2024-02-03 10:01:28.248,2024-01-31T19:38:16.0,GARMIN_ACTIVITY,0.0,13791323993.0,False,330.0,3301.712890625,ea08f7b6-1e5c-4aa8-911d-3be280950905,
114492112,2024-02-01,2024-02-03 10:01:36.179,2024-02-01T17:27:43.0,GARMIN_ACTIVITY,0.0,13791326419.0,False,345.0,3454.51904296875,637627b7-5b88-40fc-8e67-6a207c663d1b,
114492112,2024-02-03,2024-02-03 11:54:32.630,2024-02-03T10:30:03.0,GARMIN_ACTIVITY,0.0,13793328597.0,False,557.0,5009.73095703125,6be95a97-bdd8-4e7d-9ff8-da6ef49f19b0,
114492112,2024-02-03,2024-02-03 14:35:59.180,2024-02-03T14:16:39.0,GARMIN_ACTIVITY,0.0,13796046509.0,False,130.0,1136.508056640625,b160b1d8-cf82-40b0-aef6-c0a80e0144f6,
114492112,2024-02-03,2024-02-03 15:02:13.887,2024-02-03T14:57:17.0,GARMIN_ACTIVITY,0.0,13796520690.0,False,32.0,281.58599853515625,c40f6da7-365e-4843-b32b-2253ca1bd10b,
114492112,2024-02-06,2024-02-11 16:42:42.357,2024-02-06T17:16:42.0,GARMIN_ACTIVITY,0.0,13917614212.0,False,55.0,555.0430297851562,689630d6-7c12-464b-bacf-7965dc7c2f69,
114492112,2024-02-06,2024-02-11 16:43:03.384,2024-02-06T17:40:51.0,GARMIN_ACTIVITY,0.0,13917619692.0,False,418.0,4184.3662109375,33a06576-586a-4ecb-927c-2089d57af866,
114492112,2024-02-08,2024-02-11 16:43:20.850,2024-02-08T18:05:42.0,GARMIN_ACTIVITY,0.0,13917624267.0,False,299.0,2992.43701171875,4d8fa27e-eb42-4f3c-9b57-47fb095b3a69,
114492112,2024-02-08,2024-02-11 16:43:25.740,2024-02-08T18:55:57.0,GARMIN_ACTIVITY,0.0,13917625608.0,False,86.0,865.5479736328125,c433bbe2-6ed8-4151-bd7e-80a6a00feb89,
114492112,2024-02-10,2024-02-11 16:43:31.761,2024-02-10T11:26:44.0,GARMIN_ACTIVITY,0.0,13917627184.0,False,99.0,995.5809936523438,be64780e-1f5d-43c2-80b4-97f3f5015d1d,
114492112,2024-02-10,2024-02-11 16:43:37.434,2024-02-10T11:48:52.0,GARMIN_ACTIVITY,0.0,13917628686.0,False,74.0,743.9229736328125,b5d86046-958b-49f6-89f2-81c20a77690a,
114492112,2024-02-10,2024-02-11 16:43:42.441,2024-02-10T12:22:25.0,GARMIN_ACTIVITY,0.0,13917630016.0,False,55.0,552.4509887695312,0df6b0e9-f8b6-4370-be4a-ffe5818ee28e,
114492112,2024-02-11,2024-02-11 16:43:51.669,2024-02-11T14:57:14.0,GARMIN_ACTIVITY,0.0,13917632405.0,False,207.0,2070.5849609375,683c4dbf-8347-4f51-897c-d625fe52c7e3,
114492112,2024-02-11,2024-02-11 16:44:00.400,2024-02-11T15:31:57.0,GARMIN_ACTIVITY,0.0,13917634664.0,False,146.0,1468.2900390625,5a681623-6682-4b9f-9a61-4199b15272d3,
114492112,2024-02-13,2024-02-18 15:51:15.700,2024-02-13T17:20:57.0,GARMIN_ACTIVITY,0.0,14022332067.0,False,653.0,6539.0771484375,12a1647e-6f9c-4113-8ae5-309bc26d0cd7,
114492112,2024-02-15,2024-02-18 15:51:17.981,2024-02-15T17:45:34.0,GARMIN_ACTIVITY,0.0,14022332698.0,False,12.0,127.93699645996094,ad4544ff-aaa0-4abd-9b0b-641bc5f1db22,
114492112,2024-02-15,2024-02-18 15:51:29.415,2024-02-15T17:47:57.0,GARMIN_ACTIVITY,0.0,14022336057.0,False,378.0,3788.81396484375,4ee2473f-50ec-4634-b7ed-53f9696093ef,
114492112,2024-02-18,2024-02-18 15:51:39.904,2024-02-18T09:35:20.0,GARMIN_ACTIVITY,0.0,14022339124.0,False,318.0,3188.344970703125,a3d2d65b-2261-47a5-8b61-cd67a3e6e2ab,
114492112,2024-02-19,2024-02-19 18:23:39.896,2024-02-19T17:17:19.0,GARMIN_ACTIVITY,0.0,14038076256.0,False,393.0,3938.339111328125,a9579dcc-6474-4684-b353-2c0a3100ec86,
114492112,2024-02-21,2024-02-25 22:29:32.771,2024-02-21T17:24:42.0,GARMIN_ACTIVITY,0.0,14133187861.0,False,345.0,3458.48291015625,ecc25edd-3071-41f0-818a-1266d48b7c84,
114492112,2024-02-24,2024-02-25 22:29:46.523,2024-02-24T10:09:10.0,GARMIN_ACTIVITY,0.0,14133189702.0,False,260.0,2589.64501953125,5cb22116-71b5-4ec1-abe3-e6b69277f043,
114492112,2024-02-24,2024-02-25 22:29:56.657,2024-02-24T12:30:02.0,GARMIN_ACTIVITY,0.0,14133191099.0,False,386.0,3866.93310546875,6f64d71f-c9d2-4712-8a76-17a2b744e882,
114492112,2024-02-26,2024-02-27 19:36:01.602,2024-02-26T17:22:48.0,GARMIN_ACTIVITY,0.0,14161245106.0,False,394.0,3945.583984375,cbd61c45-dc16-4b6d-8d68-7e65091d2cbb,
114492112,2024-02-26,2024-02-27 19:36:05.374,2024-02-26T18:28:49.0,GARMIN_ACTIVITY,0.0,14161246266.0,False,25.0,258.30999755859375,dc193601-3c45-4979-976a-a387b3874019,
114492112,2024-02-27,2024-02-27 19:37:27.849,2024-02-27T17:09:54.0,GARMIN_ACTIVITY,0.0,14161269668.0,False,580.0,5798.85791015625,f3d68d0b-cfb1-4c04-b4ad-13ef1a82fbce,
114492112,2024-02-27,2024-02-27 19:46:26.653,2024-02-27T18:49:07.0,GARMIN_ACTIVITY,0.0,14161420239.0,False,272.0,2726.0830078125,c8e85375-20d7-4f62-af87-f3d0853ca04a,
114492112,2024-02-27,2024-02-27 19:51:57.993,2024-02-27T19:50:23.0,GARMIN_ACTIVITY,0.0,14161510244.0,False,8.0,85.80699920654297,34305d0f-4b39-4cb2-b9bc-49915d098ec4,
114492112,2024-03-01,2024-03-16 14:44:39.162,2024-03-01T17:15:27.0,GARMIN_ACTIVITY,0.0,14436050115.0,False,386.0,3864.68310546875,acfc52e3-50ea-42f8-be96-d507d7eabaa7,
114492112,2024-03-03,2024-03-16 14:44:46.972,2024-03-03T09:35:25.0,GARMIN_ACTIVITY,0.0,14436052461.0,False,94.0,943.72802734375,a2c4bd43-47f4-48e6-ad2d-735edab01e31,
114492112,2024-03-03,2024-03-16 14:44:49.459,2024-03-03T09:51:49.0,GARMIN_ACTIVITY,0.0,14436053152.0,False,11.0,113.65299987792969,8ff48f57-8e2c-4c67-a6d5-2eaa5ac95a94,
114492112,2024-03-05,2024-03-16 14:45:00.451,2024-03-05T17:22:57.0,GARMIN_ACTIVITY,0.0,14436056383.0,False,351.0,3516.7041015625,19ebf09e-dba7-4f06-8f87-97578a46eec5,
114492112,2024-03-11,2024-03-16 14:45:12.488,2024-03-11T17:18:53.0,GARMIN_ACTIVITY,0.0,14436059991.0,False,388.0,3890.069091796875,ee47fca5-6ed9-45f6-b7c9-278e53222e14,
114492112,2024-03-13,2024-03-16 14:45:36.554,2024-03-13T17:14:53.0,GARMIN_ACTIVITY,0.0,14436067234.0,False,491.0,4918.56494140625,1ca51b69-c974-458e-b433-9fce7347cec0,
114492112,2024-03-13,2024-03-16 14:48:12.940,2024-03-13T18:37:12.0,GARMIN_ACTIVITY,0.0,14436114842.0,False,84.0,843.0330200195312,4a4013fe-3b64-469e-90c0-926b6753739c,
114492112,2024-03-16,2024-03-16 14:48:20.603,2024-03-16T12:16:17.0,GARMIN_ACTIVITY,0.0,14436117509.0,False,302.0,3024.27392578125,97d85558-7903-4567-a949-94a06fdd04d1,
114492112,2024-03-16,2024-03-16 14:48:33.470,2024-03-16T13:56:38.0,GARMIN_ACTIVITY,0.0,14436121550.0,False,267.0,2668.333984375,12c0d31d-7396-42f3-a55b-59412f2c74c8,
114492112,2024-03-18,2024-03-21 12:28:04.824,2024-03-18T17:29:26.0,GARMIN_ACTIVITY,0.0,14513807131.0,False,146.0,1461.593017578125,f401dbc8-a702-4484-9fdf-4cc5dce5a58f,
114492112,2024-03-18,2024-03-21 12:28:05.895,2024-03-18T18:00:15.0,GARMIN_ACTIVITY,0.0,14513807411.0,False,3.0,34.983001708984375,6f97b86e-ba00-4bac-a8a5-0a207dfa2a7f,
114492112,2024-03-20,2024-03-21 12:28:11.522,2024-03-20T17:20:51.0,GARMIN_ACTIVITY,0.0,14513808898.0,False,51.0,509.6499938964844,5ea86790-3ee8-40af-be71-6b1bd9e7c62f,
114492112,2024-03-20,2024-03-21 12:28:17.719,2024-03-20T17:44:11.0,GARMIN_ACTIVITY,0.0,14513810462.0,False,161.0,1619.18505859375,1480f56b-e7d9-40f4-8d5b-eebc707ea755,
114492112,2024-03-21,2024-03-21 18:26:09.121,2024-03-21T17:18:13.0,GARMIN_ACTIVITY,0.0,14518947709.0,False,311.0,3118.18701171875,56593bce-14a7-4a0b-ae6e-24ee08a3eedc,
114492112,2024-03-22,2024-03-22 22:31:14.734,2024-03-22T19:27:44.0,GARMIN_ACTIVITY,0.0,14536285710.0,False,373.0,3730.8369140625,fb72eba6-d742-4aa5-8471-035c1660bf26,
114492112,2024-03-24,2024-03-25 20:06:43.401,2024-03-24T09:23:34.0,GARMIN_ACTIVITY,0.0,14580433975.0,False,26.0,264.17498779296875,962f7d55-fcc0-45c7-b3f7-ff159881c491,
114492112,2024-03-24,2024-03-25 20:06:47.418,2024-03-24T10:22:54.0,GARMIN_ACTIVITY,0.0,14580434927.0,False,25.0,255.05499267578125,c3ab168c-a009-4ec3-b06f-29029f9a08dd,
114492112,2024-03-24,2024-03-25 20:06:57.797,2024-03-24T10:32:47.0,GARMIN_ACTIVITY,0.0,14580437387.0,False,131.0,1309.5250244140625,69818e64-0169-4afc-99d6-6be748f8e929,
114492112,2024-03-24,2024-03-25 20:07:00.766,2024-03-24T10:55:40.0,GARMIN_ACTIVITY,0.0,14580438102.0,False,11.0,117.66799926757812,a93a12c8-97cb-4661-8c33-3f240e233648,
114492112,2024-03-24,2024-03-25 20:07:07.115,2024-03-24T10:59:56.0,GARMIN_ACTIVITY,0.0,14580439561.0,False,13.0,130.0489959716797,311fda08-a8d0-4653-887c-277201f9e287,
114492112,2024-03-25,2024-03-25 20:07:20.619,2024-03-25T17:26:00.0,GARMIN_ACTIVITY,0.0,14580442735.0,False,480.0,4802.6708984375,eadfe463-f5a2-4412-9713-b725e0458d6c,
114492112,2024-03-27,2024-03-31 15:07:07.410,2024-03-27T19:03:56.0,GARMIN_ACTIVITY,0.0,14669639019.0,False,321.0,3216.862060546875,ea7e273e-57b2-4980-9d11-eaff9c695564,
114492112,2024-03-28,2024-03-31 15:07:15.673,2024-03-28T17:35:16.0,GARMIN_ACTIVITY,0.0,14669641523.0,False,347.0,3478.010986328125,b572dc68-ddc7-4844-a482-2981e2c16114,
114492112,2024-03-31,2024-03-31 15:08:28.463,2024-03-31T10:27:42.0,GARMIN_ACTIVITY,0.0,14669662392.0,False,1061.0,10614.3720703125,0d3b685f-3608-4840-85aa-59bd37010199,
114492112,2024-04-07,2024-04-07 07:54:32.999,2024-04-07T08:45:06.0,GARMIN_ACTIVITY,0.0,14773124234.0,False,79.0,540.0,7c1baa80-e4cb-4b0b-b9ef-1afd5aa3125b,
114492112,2024-04-07,2024-04-07 08:07:16.442,2024-04-07T08:57:18.0,GARMIN_ACTIVITY,0.0,14773305399.0,False,84.0,579.1279907226562,2e795969-3d0c-45cb-8662-c8e101576eea,
114492112,2024-04-07,2024-04-07 09:03:05.952,2024-04-07T09:13:59.0,GARMIN_ACTIVITY,0.0,14774266835.0,False,292.0,2924.839111328125,6ff06fec-150f-438b-a288-8cbc264c73a8,
114492112,2024-04-07,2024-04-07 09:12:04.951,2024-04-07T10:08:00.0,GARMIN_ACTIVITY,0.0,14774450989.0,False,23.0,234.43800354003906,5ed42ed7-2637-4293-9cb8-ab0db839f78d,
114492112,2024-04-08,2024-04-10 09:18:24.447,2024-04-08T18:52:41.0,GARMIN_ACTIVITY,0.0,14825329033.0,False,265.0,2657.297119140625,7526da4a-570a-42f4-971c-19cf79ac6d6b,
114492112,2024-04-10,2024-04-10 18:10:07.814,2024-04-10T18:09:35.0,GARMIN_ACTIVITY,0.0,14833613398.0,False,345.0,3451.593994140625,97e87ecf-cd33-4782-a382-3f6b0c28a514,
114492112,2024-04-11,2024-04-11 17:27:46.288,2024-04-11T17:28:40.0,GARMIN_ACTIVITY,0.0,14849216606.0,False,445.0,2516.4140625,e9a65784-aa00-4af0-b5f6-e56d83c17509,
114492112,2024-04-13,2024-04-13 10:56:33.246,2024-04-13T08:15:05.0,GARMIN_ACTIVITY,0.0,14875644968.0,False,225.0,2251.98291015625,c3119eee-06e3-4613-a480-5faae60bf1e7,
114492112,2024-04-14,2024-04-14 10:10:38.353,2024-04-14T10:42:22.0,GARMIN_ACTIVITY,0.0,14892523648.0,False,219.0,1586.760986328125,1ff03f4b-048f-4f28-92cb-93ef3b7f071c,
114492112,2024-04-14,2024-04-14 10:57:12.544,2024-04-14T11:16:47.0,GARMIN_ACTIVITY,0.0,14893657780.0,False,239.0,2393.950927734375,cca1a837-0da9-4c28-8d97-60f0606febc1,
114492112,2024-04-14,2024-04-14 11:56:31.771,2024-04-14T12:32:11.0,GARMIN_ACTIVITY,0.0,14894914291.0,False,158.0,1167.9520263671875,a751d9b1-c003-41ba-b817-85c58c6753ca,
114492112,2024-04-15,2024-04-15 19:38:58.906,2024-04-15T19:37:42.0,GARMIN_ACTIVITY,0.0,14917754230.0,False,363.0,3639.741943359375,f458fe87-4872-4251-b95f-d30942d2af79,
114492112,2024-04-16,2024-04-17 15:17:07.222,2024-04-16T18:09:25.0,GARMIN_ACTIVITY,0.0,14945954475.0,False,211.0,2114.779052734375,761e90bd-6a9e-4142-a359-62a270828b48,
114492112,2024-04-21,2024-04-21 10:17:44.637,2024-04-21T10:06:41.0,GARMIN_ACTIVITY,0.0,15003924769.0,False,310.0,2612.116943359375,64b87394-9832-4745-8e4e-2d52a19a3ff6,
114492112,2024-04-21,2024-04-21 11:05:22.659,2024-04-21T11:20:24.0,GARMIN_ACTIVITY,0.0,15004950098.0,False,176.0,1452.20703125,2e00c665-5b32-4359-a6c2-ebe653074c4f,
114492112,2024-04-21,2024-04-21 11:28:14.458,2024-04-21T12:07:47.0,GARMIN_ACTIVITY,0.0,15005398128.0,False,126.0,1007.2559814453125,d9226f31-47e8-4164-9b5c-c9eef1c9eaf0,
114492112,2024-04-22,2024-04-22 20:31:04.783,2024-04-22T18:46:03.0,GARMIN_ACTIVITY,0.0,15028296299.0,False,336.0,3369.8369140625,507e2f35-e32c-44e5-b46e-2aa1004ad76c,
114492112,2024-04-25,2024-04-26 11:36:00.860,2024-04-25T20:44:39.0,GARMIN_ACTIVITY,0.0,15084267998.0,False,316.0,3167.876953125,c37de298-1657-44d5-a772-76a0a6d1cb65,
114492112,2024-04-26,2024-04-26 19:48:08.118,2024-04-26T19:39:08.0,GARMIN_ACTIVITY,0.0,15091007380.0,False,167.0,1675.155029296875,90abf95e-8143-4873-845a-94764177c5de,
114492112,2024-04-27,2024-04-27 12:29:04.749,2024-04-27T11:53:19.0,GARMIN_ACTIVITY,0.0,15100728649.0,False,330.0,3301.052978515625,7f3f3e47-347b-4c33-a3f8-d17e82d958c0,
114492112,2024-04-28,2024-04-28 11:05:41.464,2024-04-28T10:34:17.0,GARMIN_ACTIVITY,0.0,15116304701.0,False,286.0,2863.2900390625,f18b5c0d-0d1a-434c-bcda-4a34dedd0205,
114492112,2024-04-30,2024-05-05 10:48:27.200,2024-04-30T17:43:12.0,GARMIN_ACTIVITY,0.0,15234630982.0,False,177.0,1779.22705078125,dd3cd24f-b79c-48c8-9525-130078aa3c99,
114492112,2024-04-30,2024-05-05 10:48:33.581,2024-04-30T18:33:32.0,GARMIN_ACTIVITY,0.0,15234633384.0,False,55.0,553.1240234375,cdc42658-7759-459a-a3dc-b45212b5a981,
114492112,2024-05-05,2024-05-05 10:48:38.668,2024-05-05T09:30:59.0,GARMIN_ACTIVITY,0.0,15234635345.0,False,132.0,1322.4219970703125,745aac30-f480-44b4-8918-f96e784d517b,
114492112,2024-05-05,2024-05-05 10:49:00.153,2024-05-05T10:39:29.0,GARMIN_ACTIVITY,0.0,15234643017.0,False,246.0,2468.43408203125,82bd1485-7e77-43c6-8205-76508447da7d,
114492112,2024-05-06,2024-05-06 06:53:57.199,2024-05-06T09:22:35.0,GARMIN_ACTIVITY,0.0,15248235309.0,False,160.0,1607.760986328125,e33f930d-3cf0-4b13-83e2-bffb1e62b618,
114492112,2024-05-08,2024-05-10 09:26:27.555,2024-05-08T17:24:57.0,GARMIN_ACTIVITY,0.0,15317569896.0,False,287.0,2877.305908203125,2b50d544-5a13-4a31-8a0d-8e8b0882a94f,
114492112,2024-05-09,2024-05-10 09:26:36.790,2024-05-09T18:16:22.0,GARMIN_ACTIVITY,0.0,15317571724.0,False,321.0,3211.5380859375,4deafdfe-fe98-4eeb-ad06-ffaf2a12754e,
114492112,2024-05-11,2024-05-12 12:48:42.765,2024-05-11T09:46:55.0,GARMIN_ACTIVITY,0.0,15355607977.0,False,196.0,1961.219970703125,c2b03de8-53ff-4523-954e-8de4bd0ceab9,
114492112,2024-05-11,2024-05-12 12:49:13.843,2024-05-11T10:41:16.0,GARMIN_ACTIVITY,0.0,15355616858.0,False,190.0,1902.8890380859375,69afeffd-3f94-45b2-a379-ee573d4750ec,
114492112,2024-05-13,2024-05-14 11:18:24.594,2024-05-13T17:36:30.0,GARMIN_ACTIVITY,0.0,15386533907.0,False,365.0,3658.925048828125,e846cfb6-9acf-49d2-a170-e8b2b4cbacdc,
114492112,2024-05-14,2024-05-18 10:01:51.340,2024-05-14T17:31:58.0,GARMIN_ACTIVITY,0.0,15451111912.0,False,279.0,2795.3291015625,0654ffe9-fe90-4f42-9b4c-2596ca21dd8b,
114492112,2024-05-15,2024-05-18 10:02:17.784,2024-05-15T17:11:12.0,GARMIN_ACTIVITY,0.0,15451120043.0,False,215.0,2156.31201171875,10fb34de-ee9c-45dc-a8b5-9ee0421de944,
114492112,2024-05-16,2024-05-18 10:02:18.617,2024-05-16T17:43:56.0,GARMIN_ACTIVITY,0.0,15451120286.0,False,27.0,279.7120056152344,8b2e0481-3f76-4457-949d-2f378b7750dc,
114492112,2024-05-16,2024-05-18 10:02:23.114,2024-05-16T17:50:07.0,GARMIN_ACTIVITY,0.0,15451121629.0,False,148.0,1485.6700439453125,2629cefd-cca0-4f50-b75b-01cb2a392c2a,
114492112,2024-05-21,2024-05-22 07:24:43.803,2024-05-21T18:13:31.0,GARMIN_ACTIVITY,0.0,15518320782.0,False,196.0,1963.6689453125,aceff5e3-2001-46a2-a2aa-a12234a60996,
114492112,2024-05-21,2024-05-22 07:24:49.210,2024-05-21T18:47:56.0,GARMIN_ACTIVITY,0.0,15518321636.0,False,206.0,2068.2919921875,970788a0-a250-4059-b904-a3d9be8ba7c7,
114492112,2024-05-22,2024-05-24 21:01:17.236,2024-05-22T18:57:07.0,GARMIN_ACTIVITY,0.0,15561563512.0,False,326.0,3261.014892578125,b7e0634e-441c-417c-a12f-1e5594e5e33c,
114492112,2024-05-22,2024-05-24 21:01:31.770,2024-05-22T19:58:15.0,GARMIN_ACTIVITY,0.0,15561565371.0,False,245.0,2457.239013671875,11b9ec7c-aebd-4406-9194-0a993c81d316,
114492112,2024-05-24,2024-05-24 21:01:45.496,2024-05-24T17:57:54.0,GARMIN_ACTIVITY,0.0,15561567263.0,False,87.0,878.5170288085938,d06c6e03-7acb-4015-ab6e-b65f2ca7f006,
114492112,2024-05-24,2024-05-24 21:01:59.410,2024-05-24T18:45:57.0,GARMIN_ACTIVITY,0.0,15561569239.0,False,335.0,3352.93603515625,de9453bf-f6f2-4b87-99cb-c39708ae8326,
114492112,2024-05-24,2024-05-24 21:02:09.158,2024-05-24T19:43:46.0,GARMIN_ACTIVITY,0.0,15561570580.0,False,192.0,1928.7320556640625,0f9ae7c7-c1d4-4226-8761-a0a387dc68be,
114492112,2024-05-25,2024-05-25 17:41:43.429,2024-05-25T10:09:35.0,GARMIN_ACTIVITY,0.0,15576432819.0,False,2665.0,26649.9140625,1c35fc5d-16b9-4cbb-b8ab-78c153e58436,
114492112,2024-05-28,2024-06-05 20:09:02.170,2024-05-28T18:37:27.0,GARMIN_ACTIVITY,0.0,15762892133.0,False,236.0,2363.402099609375,f2bbb32c-1094-4077-8c48-a74e4ba45fda,
114492112,2024-05-29,2024-06-05 20:09:09.416,2024-05-29T17:11:28.0,GARMIN_ACTIVITY,0.0,15762893672.0,False,52.0,523.166015625,3da66371-7ed5-4018-bc50-d1822b1142c1,
114492112,2024-05-29,2024-06-05 20:09:16.485,2024-05-29T17:40:51.0,GARMIN_ACTIVITY,0.0,15762895169.0,False,220.0,2202.4169921875,57d75c29-ad98-474d-a032-f404fb5a51c5,
114492112,2024-06-01,2024-06-05 20:09:24.260,2024-06-01T08:12:26.0,GARMIN_ACTIVITY,0.0,15762896610.0,False,51.0,516.1640014648438,aea77d08-91be-4130-a69a-8856cb6d0949,
114492112,2024-06-01,2024-06-05 20:09:35.364,2024-06-01T08:36:59.0,GARMIN_ACTIVITY,0.0,15762899006.0,False,335.0,3353.6201171875,0db0301e-cc1a-4f7c-84d9-d914332f267d,
114492112,2024-06-05,2024-06-05 20:11:22.504,2024-06-05T17:27:43.0,GARMIN_ACTIVITY,0.0,15762921053.0,False,862.0,8631.6259765625,eb3bae15-de11-4a59-891e-0c81baa0bdc4,
114492112,2024-06-06,2024-06-12 08:21:02.322,2024-06-06T19:04:09.0,GARMIN_ACTIVITY,0.0,15869647064.0,False,240.0,2403.9169921875,b7f85c93-b416-4a7e-ab8d-1c849edb051b,
114492112,2024-06-08,2024-06-12 08:21:11.360,2024-06-08T17:56:28.0,GARMIN_ACTIVITY,0.0,15869648653.0,False,64.0,643.2999877929688,b3901b0c-713e-4e89-bc76-f055e871b141,
114492112,2024-06-09,2024-06-12 08:21:16.498,2024-06-09T12:42:57.0,GARMIN_ACTIVITY,0.0,15869649538.0,False,228.0,2287.09912109375,adad4bbe-bdf3-4ff7-bc31-d0fa7da74935,
114492112,2024-06-09,2024-06-12 08:21:22.748,2024-06-09T13:25:02.0,GARMIN_ACTIVITY,0.0,15869650555.0,False,169.0,1694.5660400390625,0cb6ccfa-a187-49bc-ba4f-8c0822df46de,
114492112,2024-06-10,2024-06-12 08:21:33.644,2024-06-10T18:11:57.0,GARMIN_ACTIVITY,0.0,15869652242.0,False,268.0,2684.3330078125,c0929aa0-06c2-4de2-8afc-1e25d9482f8e,
114492112,2024-06-11,2024-06-12 08:21:41.361,2024-06-11T18:19:56.0,GARMIN_ACTIVITY,0.0,15869653465.0,False,305.0,3051.885986328125,286477c8-c0b8-44e0-9488-9a4902e0812d,
114492112,2024-06-11,2024-06-12 08:21:44.845,2024-06-11T19:12:51.0,GARMIN_ACTIVITY,0.0,15869654056.0,False,61.0,611.3790283203125,5ca5cdc8-09b0-4efe-87fd-73d42509f06c,
114492112,2024-06-14,2024-06-19 18:07:29.320,2024-06-14T19:20:33.0,GARMIN_ACTIVITY,0.0,15995488451.0,False,210.0,2107.47705078125,ebda8762-bf49-4e1e-a2a5-fb273e54a1ac,
114492112,2024-06-14,2024-06-19 18:07:40.939,2024-06-14T19:58:36.0,GARMIN_ACTIVITY,0.0,15995492582.0,False,206.0,2065.64599609375,7d8b643e-9067-4d7f-b4db-09b05443f5cf,
114492112,2024-06-17,2024-06-19 18:08:20.330,2024-06-17T18:24:33.0,GARMIN_ACTIVITY,0.0,15995505904.0,False,335.0,3359.22607421875,739cab29-9ee5-440b-9bb9-d21d7ce5db40,
114492112,2024-06-19,2024-06-19 18:35:20.871,2024-06-19T19:06:30.0,GARMIN_ACTIVITY,0.0,15996038984.0,False,168.0,1687.8199462890625,641eccf4-2631-43d6-a6b2-4b9eae1d17d5,
114492112,2024-06-19,2024-06-19 18:55:37.962,2024-06-19T19:36:09.0,GARMIN_ACTIVITY,0.0,15996426969.0,False,115.0,1151.594970703125,99f36bd5-0f62-4407-88af-4508d158871b,
114492112,2024-06-20,2024-06-24 18:26:51.664,2024-06-20T19:29:37.0,GARMIN_ACTIVITY,0.0,16077523428.0,False,238.0,2384.283935546875,4d599db7-bd4c-4c9a-b72c-58b0134be7f2,
114492112,2024-06-22,2024-06-24 18:26:56.591,2024-06-22T15:56:15.0,GARMIN_ACTIVITY,0.0,16077524986.0,False,49.0,491.9939880371094,4d82869c-8a87-451c-b606-a50696e7f821,
114492112,2024-06-22,2024-06-24 18:27:02.371,2024-06-22T16:04:48.0,GARMIN_ACTIVITY,0.0,16077526852.0,False,51.0,519.1920166015625,195461a2-90e1-4659-92b2-2deb4bb66860,
114492112,2024-06-23,2024-06-24 18:27:21.937,2024-06-23T15:12:20.0,GARMIN_ACTIVITY,0.0,16077533266.0,False,354.0,3544.8759765625,60ab9b0e-4c0f-4998-9f0c-4f09f97695bf,
114492112,2024-06-23,2024-06-24 18:27:28.907,2024-06-23T16:13:05.0,GARMIN_ACTIVITY,0.0,16077535537.0,False,74.0,745.2650146484375,3ec33fbc-4fec-4e9a-bd5e-6c9e83c0a7d4,
114492112,2024-06-24,2024-06-24 18:42:18.742,2024-06-24T18:44:26.0,GARMIN_ACTIVITY,0.0,16077840962.0,False,344.0,3441.804931640625,d0218780-7d9e-490a-9ea0-dd3c9fc1ffdf,
114492112,2024-06-24,2024-06-24 18:48:29.265,2024-06-24T19:44:22.0,GARMIN_ACTIVITY,0.0,16077963897.0,False,4.0,42.80099868774414,01b1e469-9323-4636-89b6-5ee299f75a94,
114492112,2024-06-24,2024-06-24 20:29:13.340,2024-06-24T21:29:13.2,GARMIN_GCM,236.588,,False,,,0decfc57-02c3-4dee-a54e-0c4845a45457,
114492112,2024-06-24,2024-06-24 20:29:14.204,2024-06-24T21:29:14.1,GARMIN_GCM,236.588,,False,,,35a4b114-d7fc-492d-a3b8-8095e5b7822f,
114492112,2024-06-24,2024-06-24 20:29:14.976,2024-06-24T21:29:14.8,GARMIN_GCM,236.588,,False,,,645f5fa3-ba08-4613-bfe8-3cf18d4c5de1,
114492112,2024-06-24,2024-06-24 20:29:15.690,2024-06-24T21:29:15.5,GARMIN_GCM,236.588,,False,,,71cb4cdb-db0f-424b-b2a4-07cdde664a7b,
114492112,2024-06-24,2024-06-24 20:29:16.998,2024-06-24T21:29:16.8,GARMIN_GCM,236.588,,False,,,418ab51c-fc9b-4864-be7a-81c7f09c8bc7,
114492112,2024-06-24,2024-06-24 20:29:17.682,2024-06-24T21:29:17.5,GARMIN_GCM,236.588,,False,,,25d647fa-ef75-4a38-89c8-e5e969a75a9e,
114492112,2024-06-24,2024-06-24 20:29:18.310,2024-06-24T21:29:18.2,GARMIN_GCM,236.588,,False,,,2167437e-73c1-4c52-ab71-e548d7c8d965,
114492112,2024-06-24,2024-06-24 20:29:18.992,2024-06-24T21:29:18.8,GARMIN_GCM,236.588,,False,,,2c45f2b1-cb14-4d3a-ae13-4b9f28687315,
114492112,2024-06-24,2024-06-24 20:29:19.856,2024-06-24T21:29:19.7,GARMIN_GCM,236.588,,False,,,c365d830-8b8e-4185-8dd5-3c27257a745f,
114492112,2024-06-24,2024-06-24 20:29:20.994,2024-06-24T21:29:20.8,GARMIN_GCM,236.588,,False,,,1505da50-ab7d-452c-8354-0ad12091d57e,
114492112,2024-06-24,2024-06-24 20:29:21.866,2024-06-24T21:29:21.7,GARMIN_GCM,236.588,,False,,,5676d343-54fe-4436-8d88-70d3a8b0ea0d,
114492112,2024-06-25,2024-07-14 08:43:12.893,2024-06-25T19:51:22.0,GARMIN_ACTIVITY,0.0,16401131057.0,False,277.0,2775.64306640625,86c1ae52-25a3-4c7b-a4a9-01dbc28b7414,
114492112,2024-07-31,2024-07-31 17:04:58.343,2024-07-31T17:45:52.0,GARMIN_ACTIVITY,0.0,16640168037.0,False,112.0,1129.3590087890625,f6b6727f-4cd0-41e6-ad9f-9a522b4f3f56,
114492112,2024-07-31,2024-07-31 18:24:21.718,2024-07-31T18:08:48.0,GARMIN_ACTIVITY,0.0,16640915092.0,False,451.0,4514.3310546875,adab17a2-869e-4770-abc7-a624609f7e06,
114492112,2024-08-01,2024-08-04 08:13:32.775,2024-08-01T18:43:15.0,GARMIN_ACTIVITY,0.0,16669665505.0,False,36.0,364.59100341796875,10a545dc-e7b9-4d18-8cc3-b07f5db6af5a,
114492112,2024-08-01,2024-08-04 08:13:42.127,2024-08-01T18:50:40.0,GARMIN_ACTIVITY,0.0,16669666706.0,False,341.0,3419.010986328125,c1753ac6-5021-4ddc-9f84-0a8e7fc51997,
114492112,2024-08-03,2024-08-04 08:13:53.385,2024-08-03T12:11:27.0,GARMIN_ACTIVITY,0.0,16669668172.0,False,434.0,4340.6171875,cfc540a7-de7c-4ef6-b011-14fa7a073116,
114492112,2024-08-04,2024-08-04 08:52:54.588,2024-08-04T09:07:43.0,GARMIN_ACTIVITY,0.0,16669991531.0,False,269.0,2695.5048828125,e47a4967-2843-447d-abaf-f6ee1a13fc47,
114492112,2024-08-04,2024-08-04 09:28:02.791,2024-08-04T09:55:35.0,GARMIN_ACTIVITY,0.0,16670324866.0,False,191.0,1919.31103515625,99d4f3a8-aa95-4a42-9d08-92ac56cb2f68,
114492112,2024-08-05,2024-08-07 18:20:40.955,2024-08-05T18:30:38.0,GARMIN_ACTIVITY,0.0,16701978371.0,False,268.0,2690.1220703125,3d7cd798-2405-4205-85b2-067f32855373,
114492112,2024-08-07,2024-08-07 18:20:56.625,2024-08-07T17:37:24.0,GARMIN_ACTIVITY,0.0,16701980895.0,False,320.0,3201.416015625,30f94363-c30e-40e8-ac1b-8f9f978fdf7b,
114492112,2024-08-07,2024-08-07 18:39:16.227,2024-08-07T18:35:32.0,GARMIN_ACTIVITY,0.0,16702161551.0,False,434.0,3800.87109375,68c98472-2506-48eb-ae80-4340e19cf693,
114492112,2024-08-08,2024-08-08 16:10:26.141,2024-08-08T16:53:51.0,GARMIN_ACTIVITY,0.0,16709621787.0,False,45.0,456.04998779296875,bf9ebc33-52de-4ace-b415-03710c4ffe9a,
114492112,2024-08-08,2024-08-08 16:10:33.668,2024-08-08T17:03:41.0,GARMIN_ACTIVITY,0.0,16709622852.0,False,27.0,279.4360046386719,6e8c54c2-334b-4c03-a56a-2222292d0489,
114492112,2024-08-08,2024-08-08 16:40:52.790,2024-08-08T17:15:00.0,GARMIN_ACTIVITY,0.0,16709886717.0,False,77.0,480.6510009765625,d879d7ee-5410-41d2-a2eb-e0fa1b38e15e,
114492112,2024-08-08,2024-08-08 16:57:08.681,2024-08-08T17:53:04.0,GARMIN_ACTIVITY,0.0,16710035363.0,False,23.0,235.2209930419922,a3724f16-af3c-4ecf-b579-101206315186,
114492112,2024-08-08,2024-08-08 17:02:50.198,2024-08-08T17:57:46.0,GARMIN_ACTIVITY,0.0,16710090627.0,False,29.0,290.68499755859375,e829cea0-8af6-43c8-8c08-a332d89c875a,
114492112,2024-08-12,2024-08-12 17:59:41.217,2024-08-12T18:29:58.0,GARMIN_ACTIVITY,0.0,16744919607.0,False,160.0,1606.2840576171875,4e1d9c8c-f5f8-4d69-aa51-0fc8a831c5d9,
114492112,2024-08-12,2024-08-12 18:10:30.770,2024-08-12T18:59:04.0,GARMIN_ACTIVITY,0.0,16745027334.0,False,67.0,672.156005859375,4d487312-17b7-4dbe-9af6-d24adb0702c5,
114492112,2024-08-12,2024-08-12 19:03:29.730,2024-08-12T19:10:34.0,GARMIN_ACTIVITY,0.0,16745516221.0,False,311.0,3115.31689453125,6919c5e7-52ab-4987-85ac-6338da2db387,
114492112,2024-08-12,2024-08-14 18:22:15.800,2024-08-12T20:05:09.0,GARMIN_ACTIVITY,0.0,16763452393.0,False,16.0,163.51100158691406,3dcb3361-a824-4e8f-b43e-8b91a44959ff,
114492112,2024-08-14,2024-08-14 18:22:22.189,2024-08-14T18:39:17.0,GARMIN_ACTIVITY,0.0,16763453370.0,False,83.0,840.4190063476562,248557de-8f72-4400-9dfe-260c684245fc,
114492112,2024-08-14,2024-08-14 18:22:33.510,2024-08-14T18:56:04.0,GARMIN_ACTIVITY,0.0,16763455027.0,False,150.0,1502.031982421875,4d83a1b1-4df6-43d2-8cbd-466d1bb1c582,
114492112,2024-08-14,2024-08-14 18:29:49.244,2024-08-14T19:21:37.0,GARMIN_ACTIVITY,0.0,16763522107.0,False,48.0,482.8609924316406,7749d88d-225e-4e16-8984-329adf77569a,
114492112,2024-08-14,2024-08-14 20:59:04.200,2024-08-14T19:30:08.0,GARMIN_ACTIVITY,0.0,16764530275.0,False,195.0,1959.6390380859375,37b1bd54-5077-4929-9c59-164d97f73557,
114492112,2024-08-15,2024-08-15 13:57:59.791,2024-08-15T14:42:04.0,GARMIN_ACTIVITY,0.0,16770315001.0,False,93.0,938.0,d3afd5bd-fa41-426b-944a-2c0ac55751d9,
114492112,2024-08-15,2024-08-16 06:07:37.463,2024-08-15T17:42:05.0,GARMIN_ACTIVITY,0.0,16775672896.0,False,286.0,2866.739990234375,e67f60c5-487f-4f68-adf7-27249ed3c6c4,
114492112,2024-08-15,2024-08-16 06:08:06.582,2024-08-15T19:12:41.0,GARMIN_ACTIVITY,0.0,16775675341.0,False,549.0,5498.98291015625,ba896213-2b09-44f3-8823-aa90d32ebde8,
114492112,2024-08-16,2024-08-16 07:32:13.989,2024-08-16T08:15:12.0,GARMIN_ACTIVITY,0.0,16776147714.0,False,62.0,623.5180053710938,429693a8-ab4f-4def-b8f6-6aba428d42bd,
114492112,2024-08-17,2024-08-17 19:26:17.137,2024-08-17T14:50:19.0,GARMIN_ACTIVITY,0.0,16790264365.0,False,428.0,4287.212890625,529cb491-263a-4609-9395-3b55cacbcafc,
114492112,2024-08-18,2024-08-18 17:31:53.241,2024-08-18T10:28:25.0,GARMIN_ACTIVITY,0.0,16798184759.0,False,1250.0,12512.82421875,e35656b1-99f3-44da-a308-037e5f872935,
114492112,2024-08-18,2024-08-18 17:32:25.876,2024-08-18T13:57:27.0,GARMIN_ACTIVITY,0.0,16798189204.0,False,677.0,6771.5849609375,983188fe-e70d-4305-8131-9cef8f85a674,
114492112,2024-08-19,2024-08-19 18:50:54.215,2024-08-19T18:25:26.0,GARMIN_ACTIVITY,0.0,16806932851.0,False,7.0,76.16000366210938,eb5e8605-9c6f-499a-ba7a-9e6c3033e23e,
114492112,2024-08-19,2024-08-19 18:51:15.809,2024-08-19T18:27:06.0,GARMIN_ACTIVITY,0.0,16806936063.0,False,396.0,3961.85009765625,a34a3407-1f33-4d2a-82e6-91d251e0c827,
114492112,2024-08-19,2024-08-19 18:51:18.398,2024-08-19T19:35:02.0,GARMIN_ACTIVITY,0.0,16806936443.0,False,10.0,109.59300231933594,c807eb1a-5dc3-4db1-b9cc-c66475f06caf,
114492112,2024-08-19,2024-08-19 18:51:23.277,2024-08-19T19:37:48.0,GARMIN_ACTIVITY,0.0,16806937212.0,False,34.0,348.39599609375,ac6dedae-ac9b-4206-8fe7-45ba63dc9306,
114492112,2024-08-20,2024-08-20 19:12:14.540,2024-08-20T19:33:14.0,GARMIN_ACTIVITY,0.0,16816401623.0,False,87.0,876.6510009765625,7601fc0f-9f69-4ef3-9f48-0de32478da06,
114492112,2024-08-20,2024-08-20 19:17:56.630,2024-08-20T19:49:48.0,GARMIN_ACTIVITY,0.0,16816449828.0,False,166.0,1663.1280517578125,cb774476-b545-4bf7-b546-09f6670f67c1,
114492112,2024-08-20,2024-08-20 20:26:53.712,2024-08-20T20:23:30.0,GARMIN_ACTIVITY,0.0,16816901412.0,False,375.0,3201.6708984375,73e36ce3-64ae-4f82-9e43-48bf89c08c54,
114492112,2024-08-21,2024-08-21 12:01:26.870,2024-08-21T08:14:38.0,GARMIN_ACTIVITY,0.0,16821675576.0,False,34.0,344.5509948730469,98acfdb4-01ac-4631-b219-c4d48d1542c0,
114492112,2024-08-22,2024-08-22 17:20:25.391,2024-08-22T08:21:20.0,GARMIN_ACTIVITY,0.0,16833337222.0,False,89.0,892.635986328125,4f9c1c02-19cd-40ed-9ead-50c05b016583,
114492112,2024-08-22,2024-08-22 17:20:32.480,2024-08-22T18:03:55.0,GARMIN_ACTIVITY,0.0,16833338482.0,False,83.0,839.125,bc8e3b04-0df8-4998-ba1a-e5c50344f53f,
114492112,2024-08-22,2024-08-22 17:49:19.572,2024-08-22T18:24:00.0,GARMIN_ACTIVITY,0.0,16833630305.0,False,149.0,1499.8909912109375,0dd1e371-d72b-4302-8ac4-2dcffb5e1e32,
114492112,2024-08-22,2024-08-22 19:00:31.785,2024-08-22T19:41:07.0,GARMIN_ACTIVITY,0.0,16834311197.0,False,137.0,1149.22802734375,eed832b5-0dd0-45c8-924f-21c6be0d112f,
114492112,2024-08-23,2024-08-24 09:08:06.659,2024-08-23T17:40:18.0,GARMIN_ACTIVITY,0.0,16846265962.0,False,197.0,1972.3480224609375,c87a77ca-d8c0-4cd5-be3e-636e38f0e6fa,
114492112,2024-08-24,2024-08-24 10:56:48.850,2024-08-24T10:48:28.0,GARMIN_ACTIVITY,0.0,16847245593.0,False,491.0,2989.201904296875,e68fdaaa-85bf-45cf-b70a-32a3ae1b8a25,
114492112,2024-08-24,2024-08-24 11:05:48.774,2024-08-24T11:56:35.0,GARMIN_ACTIVITY,0.0,16847325786.0,False,53.0,533.7559814453125,774c61ff-0f7f-4e37-a4ed-06b7f7e6df8a,
114492112,2024-08-24,2024-08-24 11:33:04.840,2024-08-24T12:08:32.0,GARMIN_ACTIVITY,0.0,16847557403.0,False,191.0,1432.5469970703125,e0d51980-e4aa-4df3-b4f6-a1b5d9076103,
114492112,2024-08-24,2024-08-26 08:09:08.148,2024-08-24T13:30:44.0,GARMIN_ACTIVITY,0.0,16863267869.0,False,33.0,335.34100341796875,80586e14-fcf2-4a12-a6db-e1a098ed19e0,
114492112,2024-08-25,2024-08-26 09:04:47.530,2024-08-25T09:13:00.0,GARMIN_ACTIVITY,0.0,16863274142.0,False,0.0,0.0,1541dc52-41a2-4e53-8923-daf4379def2f,0.0
114492112,2024-08-26,2024-08-28 17:43:32.247,2024-08-26T17:59:17.0,GARMIN_ACTIVITY,0.0,16886178616.0,False,534.0,5350.2958984375,6db4ad8c-9596-4c4e-810b-7478d33322e0,
114492112,2024-08-27,2024-08-28 17:44:08.462,2024-08-27T17:40:01.0,GARMIN_ACTIVITY,0.0,16886185459.0,False,364.0,3644.49609375,1ba0cf54-bc59-45e9-b422-dfbc86f45bf7,
114492112,2024-08-27,2024-08-28 17:44:18.363,2024-08-27T18:54:44.0,GARMIN_ACTIVITY,0.0,16886187394.0,False,132.0,1327.1190185546875,309973de-afd7-4716-98ad-a29f73bd087b,
114492112,2024-08-27,2024-08-28 17:44:55.792,2024-08-27T19:23:22.0,GARMIN_ACTIVITY,0.0,16886194347.0,False,262.0,2630.7080078125,525bc2e0-005b-4a0b-870f-c8465360d7f3,
114492112,2024-08-28,2024-08-28 17:45:02.978,2024-08-28T10:34:41.0,GARMIN_ACTIVITY,0.0,16886195717.0,False,33.0,338.0,4b702f53-47fe-468d-9e52-4a6e355f0251,
114492112,2024-08-28,2024-08-28 17:45:25.733,2024-08-28T17:30:12.0,GARMIN_ACTIVITY,0.0,16886200010.0,False,104.0,1047.6490478515625,78629b1d-86df-49c3-99d7-57ccd55052c1,
114492112,2024-08-28,2024-08-28 17:57:50.843,2024-08-28T18:45:08.0,GARMIN_ACTIVITY,0.0,16886340771.0,False,203.0,733.3519897460938,93bd5225-dbab-4b08-a2db-88d110b84660,
114492112,2024-08-28,2024-08-28 18:20:51.163,2024-08-28T19:10:07.0,GARMIN_ACTIVITY,0.0,16886606287.0,False,62.0,630.6110229492188,b869b1fb-66f5-4e3f-8865-08ddfdac2645,
114492112,2024-08-28,2024-08-28 18:29:54.835,2024-08-28T19:21:31.0,GARMIN_ACTIVITY,0.0,16886704416.0,False,48.0,488.31500244140625,107bef8e-0bac-496a-8330-98b636daea12,
114492112,2024-08-28,2024-08-28 21:09:29.965,2024-08-28T19:31:40.0,GARMIN_ACTIVITY,0.0,16887835281.0,False,257.0,2397.0400390625,7331bc8d-aba5-455d-a590-a0f50e24de88,
114492112,2024-08-29,2024-09-27 06:35:08.940,2024-08-29T17:07:04.0,GARMIN_ACTIVITY,0.0,17140445474.0,False,121.0,1216.4959716796875,07cd1370-c183-4042-808b-32fa5c977a75,
114492112,2024-09-02,2024-09-27 06:35:56.661,2024-09-02T17:35:59.0,GARMIN_ACTIVITY,0.0,17140449365.0,False,371.0,3713.337890625,1dc2cad6-b70e-4d9d-993d-513cdaaa3c79,
114492112,2024-09-04,2024-09-27 06:36:04.854,2024-09-04T17:34:42.0,GARMIN_ACTIVITY,0.0,17140450059.0,False,40.0,404.7760009765625,cf9634a5-5543-4d60-8f44-17243e8ad6a7,
114492112,2024-09-07,2024-09-27 06:36:27.231,2024-09-07T11:16:07.0,GARMIN_ACTIVITY,0.0,17140451897.0,False,359.0,3600.572998046875,121d932d-0c0f-4418-97db-8c5cfbd6599d,
114492112,2024-09-08,2024-09-27 06:36:31.283,2024-09-08T09:28:58.0,GARMIN_ACTIVITY,0.0,17140452240.0,False,45.0,460.6820068359375,4f59bdea-ac7e-4476-b2d9-2504535f379d,
114492112,2024-09-08,2024-09-27 06:36:51.632,2024-09-08T09:36:58.0,GARMIN_ACTIVITY,0.0,17140453874.0,False,329.0,3295.801025390625,a1316742-9879-4b13-8ceb-9f55ceb40183,
114492112,2024-09-20,2024-09-27 06:37:34.561,2024-09-20T17:44:07.0,GARMIN_ACTIVITY,0.0,17140457248.0,False,327.0,3274.06298828125,e753667b-e63f-4a63-b8fa-fe43d2cf375a,
114492112,2024-09-21,2024-09-27 06:38:02.489,2024-09-21T12:32:18.0,GARMIN_ACTIVITY,0.0,17140459440.0,False,187.0,1877.6820068359375,00b7fc75-c814-4e63-ab6b-9576c28a77b8,
114492112,2024-09-24,2024-09-27 06:38:27.413,2024-09-24T19:53:52.0,GARMIN_ACTIVITY,0.0,17140461704.0,False,435.0,4354.44287109375,b0a48006-b4eb-4c08-ae04-44e65f2a9dee,
114492112,2024-09-27,2024-09-27 06:38:32.755,2024-09-27T08:59:35.0,GARMIN_ACTIVITY,0.0,17140462161.0,False,20.0,202.13699340820312,3144d170-b921-4834-8669-fc4fbfb1b5ed,
114492112,2024-09-27,2024-09-27 06:38:39.477,2024-09-27T09:17:30.0,GARMIN_ACTIVITY,0.0,17140462697.0,False,93.0,940.4660034179688,1b66522c-555d-4798-bb2b-066be5933d79,
114492112,2024-09-27,2024-11-08 17:15:31.738,2024-09-27T07:41:57.0,GARMIN_ACTIVITY,0.0,17489550297.0,False,66.0,668.2739868164062,95d3cab4-3180-4d9c-80fd-7aace6c72fe9,
114492112,2024-10-03,2024-11-08 17:15:41.100,2024-10-03T18:03:39.0,GARMIN_ACTIVITY,0.0,17489551381.0,False,383.0,3834.805908203125,ff763106-6374-441f-b7ab-2769cdf04725,
114492112,2024-10-05,2024-11-08 17:15:52.153,2024-10-05T12:31:22.0,GARMIN_ACTIVITY,0.0,17489552619.0,False,402.0,4028.631103515625,5e51b091-3128-4608-9547-bd70d878bc38,
114492112,2024-10-10,2024-11-08 17:15:54.516,2024-10-10T18:32:17.0,GARMIN_ACTIVITY,0.0,17489552914.0,False,64.0,651.822998046875,2d181431-dce5-4a84-bddd-b2925a7f3753,
114492112,2024-10-10,2024-11-08 17:15:57.843,2024-10-10T18:43:38.0,GARMIN_ACTIVITY,0.0,17489553303.0,False,100.0,1003.8099975585938,24d3d449-84db-4685-bb0b-a7dc8725b67f,
114492112,2024-10-18,2024-11-08 17:16:00.602,2024-10-18T08:58:09.0,GARMIN_ACTIVITY,0.0,17489553609.0,False,64.0,648.739990234375,5b4f5b1e-e8f8-4418-9627-d0af086a9400,
114492112,2024-10-26,2024-11-08 17:16:17.528,2024-10-26T11:22:44.0,GARMIN_ACTIVITY,0.0,17489555556.0,False,448.0,4478.02392578125,2ad4b713-052b-499c-8037-222780b99895,
114492112,2024-10-26,2024-11-08 17:16:56.619,2024-10-26T13:09:07.0,GARMIN_ACTIVITY,0.0,17489560129.0,False,576.0,5761.6748046875,f459de4e-5314-43a8-8f44-e115f13869ce,
114492112,2024-10-29,2024-11-08 17:17:02.906,2024-10-29T07:20:24.0,GARMIN_ACTIVITY,0.0,17489560853.0,False,305.0,3053.52490234375,d1b2aafd-7dfb-4ef1-bbf6-a474d9de86d1,
114492112,2024-11-02,2024-11-08 17:17:20.494,2024-11-02T12:43:14.0,GARMIN_ACTIVITY,0.0,17489562804.0,False,237.0,2377.7451171875,c05b1fc4-a710-4c7f-9b40-6bc2925e4b9d,
114492112,2024-11-02,2024-11-08 17:17:32.732,2024-11-02T14:42:29.0,GARMIN_ACTIVITY,0.0,17489564241.0,False,157.0,1572.302978515625,d04bef17-72cb-433c-9988-1eda3f2c82ae,
114492112,2024-11-03,2024-11-08 17:17:39.588,2024-11-03T17:38:44.0,GARMIN_ACTIVITY,0.0,17489565009.0,False,96.0,969.6680297851562,5ae99af6-0b2c-4cc5-b3c6-4a1a6c71c7ba,
114492112,2024-11-06,2024-11-08 17:17:42.580,2024-11-06T13:05:02.0,GARMIN_ACTIVITY,0.0,17489565302.0,False,20.0,203.31100463867188,2f102a25-2168-488f-b584-b42a2fad02af,
114492112,2024-11-24,2025-01-28 19:02:47.926,2024-11-24T12:04:49.0,GARMIN_ACTIVITY,0.0,18126373738.0,False,361.0,3620.201904296875,9b0635a6-b5d4-40cb-bc33-b900f16c4a78,
114492112,2024-11-30,2025-01-28 19:02:55.393,2024-11-30T09:35:14.0,GARMIN_ACTIVITY,0.0,18126375194.0,False,114.0,1146.052001953125,4eb80503-5123-406b-adcd-34766068082b,
114492112,2024-12-04,2025-01-28 19:03:25.300,2024-12-04T16:49:11.0,GARMIN_ACTIVITY,0.0,18126381101.0,False,371.0,3711.7109375,ad935e42-88f6-42f9-b6ee-85fe855869cc,
114492112,2024-12-07,2025-01-28 19:04:18.522,2024-12-07T13:35:54.0,GARMIN_ACTIVITY,0.0,18126391228.0,False,1294.0,12945.197265625,370e9666-d7c7-4900-b88a-38d74c4aa596,
114492112,2024-12-10,2025-01-28 19:04:30.276,2024-12-10T14:06:48.0,GARMIN_ACTIVITY,0.0,18126393479.0,False,1004.0,10047.419921875,f349b1ad-70c8-4225-8c5d-c93cfa30b932,
114492112,2024-12-17,2025-01-28 19:04:38.107,2024-12-17T07:37:28.0,GARMIN_ACTIVITY,0.0,18126394920.0,False,253.0,2531.43896484375,fec6c691-bfee-4e10-8df9-18c1a54012fd,
114492112,2024-12-18,2025-01-28 19:04:45.526,2024-12-18T07:55:18.0,GARMIN_ACTIVITY,0.0,18126396319.0,False,242.0,2430.277099609375,730da842-8315-4899-93a7-671248337bf6,
114492112,2024-12-22,2025-01-28 19:04:54.911,2024-12-22T09:32:07.0,GARMIN_ACTIVITY,0.0,18126397996.0,False,180.0,1803.0279541015625,1a815fa6-d85e-46ec-b36d-1b427ca6c406,
114492112,2024-12-22,2025-01-28 19:05:00.960,2024-12-22T10:02:47.0,GARMIN_ACTIVITY,0.0,18126399151.0,False,182.0,1825.1490478515625,75576a9c-8278-4071-a915-04d19ed4bc7b,
114492112,2025-01-05,2025-01-28 19:05:10.227,2025-01-05T12:14:37.0,GARMIN_ACTIVITY,0.0,18126400784.0,False,351.0,3515.365966796875,df853ec9-f763-4722-943d-9592ac7ac6bb,
114492112,2025-01-11,2025-01-28 19:05:20.200,2025-01-11T12:17:53.0,GARMIN_ACTIVITY,0.0,18126402667.0,False,296.0,2964.47509765625,1b21cbfd-45d2-4eab-ad11-b1c2ac68bcdf,
114492112,2025-02-15,2025-02-24 20:41:28.247,2025-02-15T16:53:44.0,GARMIN_ACTIVITY,0.0,18367160691.0,False,360.0,3601.222900390625,f7f586c8-18c7-4c78-91f1-91271d4b9a48,
114492112,2025-02-28,2025-03-01 11:28:43.184,2025-02-28T06:52:31.0,GARMIN_ACTIVITY,0.0,18407696839.0,False,235.0,2352.722900390625,e42b24cb-f4ab-43b8-a20b-37c37ef4abe9,
114492112,2025-03-03,2025-03-03 09:58:09.762,2025-03-03T05:57:46.0,GARMIN_ACTIVITY,0.0,18425094376.0,False,74.0,740.9229736328125,be9239bf-8b77-47d5-9b6a-216646a75fad,
114492112,2025-03-03,2025-03-03 09:58:38.741,2025-03-03T07:28:11.0,GARMIN_ACTIVITY,0.0,18425097091.0,False,186.0,1863.9949951171875,4961d624-bcac-41f5-9889-5d783b2802ea,
114492112,2025-03-04,2025-03-04 20:02:38.873,2025-03-04T07:40:52.0,GARMIN_ACTIVITY,0.0,18439912457.0,False,294.0,2945.14208984375,af230a56-41e6-4cf6-a941-e43e15e7910c,
114492112,2025-03-04,2025-03-04 20:02:47.800,2025-03-04T18:13:14.0,GARMIN_ACTIVITY,0.0,18439913719.0,False,103.0,1038.821044921875,48d42fb3-3b9d-4429-bb30-5e131810f0c4,
114492112,2025-03-05,2025-03-05 07:31:40.817,2025-03-05T06:12:31.0,GARMIN_ACTIVITY,0.0,18443002027.0,False,175.0,1757.9730224609375,5ac8833b-b85d-41ad-8484-b07691aeadbe,
114492112,2025-03-05,2025-03-05 07:39:26.283,2025-03-05T06:48:45.0,GARMIN_ACTIVITY,0.0,18443046106.0,False,300.0,3004.652099609375,ff62c856-19ef-495f-9f66-98ef9c114ffc,
114492112,2025-03-07,2025-03-07 09:07:19.989,2025-03-07T05:47:45.0,GARMIN_ACTIVITY,0.0,18462125666.0,False,233.0,2333.177001953125,b4314b3c-35b4-44a4-a59a-319f53113abf,
114492112,2025-03-07,2025-03-07 09:07:25.162,2025-03-07T06:27:44.0,GARMIN_ACTIVITY,0.0,18462126141.0,False,240.0,2403.444091796875,bc0f270f-f0b4-4405-a270-53bffacb625a,
114492112,2025-03-07,2025-03-07 09:07:28.850,2025-03-07T07:09:33.0,GARMIN_ACTIVITY,0.0,18462126495.0,False,120.0,1206.9210205078125,1e93fe56-5859-4209-9ccb-88b8a8941775,
114492112,2025-03-08,2025-03-08 14:16:04.668,2025-03-08T14:10:14.0,GARMIN_ACTIVITY,0.0,18473880438.0,False,25.0,255.33299255371094,6215035d-8e2a-41ca-bd66-ece39e201b95,
114492112,2025-03-11,2025-03-11 07:46:10.764,2025-03-11T06:28:06.0,GARMIN_ACTIVITY,0.0,18499691093.0,False,83.0,838.416015625,25835f08-00e7-43a3-93db-24184d444da3,
114492112,2025-03-11,2025-03-11 07:46:17.471,2025-03-11T06:55:12.0,GARMIN_ACTIVITY,0.0,18499691743.0,False,276.0,2760.85009765625,fb9654f9-b6f5-42ce-b5f2-fb1d06f723ff,
114492112,2025-03-11,2025-03-11 08:03:53.476,2025-03-11T07:51:04.0,GARMIN_ACTIVITY,0.0,18499801883.0,False,79.0,746.6950073242188,8558eb40-031d-4edb-98f1-422c24bbef23,
114492112,2025-03-12,2025-03-12 06:45:04.666,2025-03-12T05:58:08.0,GARMIN_ACTIVITY,0.0,18509169592.0,False,219.0,2341.110107421875,19d796ae-bdd3-4edf-8e69-8494c1633238,
114492112,2025-03-12,2025-03-12 07:04:00.880,2025-03-12T06:39:33.0,GARMIN_ACTIVITY,0.0,18509283357.0,False,144.0,1447.81396484375,fca556cb-a56f-4bad-a5d1-e58a861b8a53,
114492112,2025-03-12,2025-03-12 07:27:15.921,2025-03-12T07:04:41.0,GARMIN_ACTIVITY,0.0,18509420366.0,False,133.0,1338.5279541015625,4b40269f-08c4-4c13-bd79-fdd9230c2391,
114492112,2025-03-14,2025-03-14 07:12:39.230,2025-03-14T06:49:23.0,GARMIN_ACTIVITY,0.0,18527446299.0,False,109.0,1380.6490478515625,ed4a0d3c-5486-4502-97e0-d6a3521f0452,
114492112,2025-03-14,2025-03-14 07:50:23.533,2025-03-14T07:16:45.0,GARMIN_ACTIVITY,0.0,18527646900.0,False,199.0,1991.1669921875,11230e6e-c7e1-48af-9e96-71174e898ada,
114492112,2025-03-14,2025-03-14 08:07:22.790,2025-03-14T07:56:52.0,GARMIN_ACTIVITY,0.0,18527744042.0,False,58.0,611.8259887695312,6f000f91-4f7f-4cde-a790-8c6a2d3c5a6e,
114492112,2025-03-16,2025-03-16 11:51:48.362,2025-03-16T09:55:58.0,GARMIN_ACTIVITY,0.0,18547007087.0,False,252.0,2524.297119140625,fd005281-a2d7-421b-a7de-3bb430247edc,
114492112,2025-03-17,2025-03-17 19:31:53.859,2025-03-17T18:42:55.0,GARMIN_ACTIVITY,0.0,18559848143.0,False,229.0,2893.174072265625,543bb1a5-2551-4b70-afa9-71c6b70a1a02,
114492112,2025-03-18,2025-03-18 10:05:35.819,2025-03-18T09:37:39.0,GARMIN_ACTIVITY,0.0,18564210587.0,False,112.0,1666.376953125,9e9b8476-99b5-4069-a2b2-1f67d408918c,
114492112,2025-03-18,2025-03-18 17:39:33.229,2025-03-18T17:09:55.0,GARMIN_ACTIVITY,0.0,18568248187.0,False,134.0,1750.886962890625,3aab66e2-708b-4f56-9fc8-6c41d74698ca,
114492112,2025-03-18,2025-03-18 19:00:36.740,2025-03-18T17:57:26.0,GARMIN_ACTIVITY,0.0,18569217114.0,False,276.0,3768.298095703125,f9bce4fd-18b2-48c9-96ef-81cde884cd10,
114492112,2025-03-19,2025-03-19 18:29:53.366,2025-03-19T17:08:54.0,GARMIN_ACTIVITY,0.0,18578866454.0,False,640.0,4679.59423828125,f2ff00ed-bf0c-41ce-a2cf-f8565bd322b7,
114492112,2025-03-20,2025-03-20 06:16:51.506,2025-03-20T05:47:58.0,GARMIN_ACTIVITY,0.0,18582627610.0,False,119.0,1309.7640380859375,98016c14-a06a-4f1a-abe3-378de136f1de,
114492112,2025-03-20,2025-03-20 06:34:00.587,2025-03-20T06:19:19.0,GARMIN_ACTIVITY,0.0,18582715541.0,False,93.0,865.0780029296875,33af6395-9e0f-442a-9952-ffa3dd32c4b9,
114492112,2025-03-20,2025-03-20 07:15:37.230,2025-03-20T06:34:55.0,GARMIN_ACTIVITY,0.0,18582964764.0,False,241.0,2412.52587890625,d4135974-1ba0-4c6d-921d-a49e51344b42,
114492112,2025-03-20,2025-03-20 17:40:27.764,2025-03-20T17:17:44.0,GARMIN_ACTIVITY,0.0,18587964262.0,False,98.0,1331.4510498046875,080b1672-b08b-4544-a38d-eab34bf234bf,
114492112,2025-03-20,2025-03-20 18:34:58.436,2025-03-20T17:59:46.0,GARMIN_ACTIVITY,0.0,18588578242.0,False,176.0,2081.653076171875,770bc0f9-c9f8-499e-a434-9adfb6fa4279,
114492112,2025-03-21,2025-03-21 08:15:14.299,2025-03-21T07:44:46.0,GARMIN_ACTIVITY,0.0,18592682024.0,False,108.0,1089.0980224609375,864c85fb-e5b0-47d0-97ce-dfd4f32bd6e7,
114492112,2025-03-21,2025-03-21 19:42:34.592,2025-03-21T18:52:34.0,GARMIN_ACTIVITY,0.0,18598124519.0,False,301.0,2970.508056640625,e6b52ee8-c973-424c-85c0-a8a518e34870,
114492112,2025-03-22,2025-03-22 16:05:51.299,2025-03-22T14:06:45.0,GARMIN_ACTIVITY,0.0,18606075708.0,False,704.0,7044.48486328125,064812bb-b2c1-43a0-be92-bbdd0df5b3cb,
114492112,2025-03-22,2025-03-22 21:00:56.442,2025-03-22T20:33:19.0,GARMIN_ACTIVITY,0.0,18608247010.0,False,144.0,1639.9539794921875,73820f30-f41d-4f00-acb6-232d487aa2a8,
114492112,2025-03-23,2025-03-23 13:01:19.379,2025-03-23T12:21:31.0,GARMIN_ACTIVITY,0.0,18613905943.0,False,201.0,2003.0489501953125,3f96009f-f98f-4b88-9161-2035fb9ccd75,
114492112,2025-03-23,2025-03-23 15:55:40.926,2025-03-23T15:10:31.0,GARMIN_ACTIVITY,0.0,18615799270.0,False,267.0,2673.8740234375,08118408-cee3-4226-b8b6-fb2fdda7294c,
114492112,2025-03-24,2025-03-24 08:09:05.374,2025-03-24T07:51:30.0,GARMIN_ACTIVITY,0.0,18620588441.0,False,95.0,1011.5919799804688,3e0aed6d-44e1-4d98-bde4-08c7379c50f6,
114492112,2025-03-24,2025-03-24 19:44:05.550,2025-03-24T18:48:38.0,GARMIN_ACTIVITY,0.0,18626358378.0,False,65.0,835.4940185546875,5f8fa104-868b-4f80-9e46-142c126f66f3,
114492112,2025-03-24,2025-03-24 19:44:18.659,2025-03-24T19:26:02.0,GARMIN_ACTIVITY,0.0,18626360244.0,False,107.0,1071.9610595703125,a2da46d3-e21b-4507-8ece-9c3b3a7eab82,
114492112,2025-03-25,2025-03-25 08:57:56.170,2025-03-25T06:23:04.0,GARMIN_ACTIVITY,0.0,18630321640.0,False,108.0,1087.81201171875,43f03841-8f34-46c8-8236-4408c311098e,
114492112,2025-03-25,2025-03-25 08:58:10.724,2025-03-25T08:11:26.0,GARMIN_ACTIVITY,0.0,18630323139.0,False,66.0,668.4140014648438,97fb73a1-692f-4e8b-b11a-266451589832,
114492112,2025-03-25,2025-03-25 20:02:36.165,2025-03-25T19:00:19.0,GARMIN_ACTIVITY,0.0,18636472723.0,False,360.0,3647.48193359375,8094d371-e49f-470d-8cbb-5a0a839edc68,
114492112,2025-03-26,2025-03-26 06:34:03.910,2025-03-26T06:21:46.0,GARMIN_ACTIVITY,0.0,18639536647.0,False,75.0,715.9569702148438,d00556f5-7609-403a-968e-7508ad0fef96,
114492112,2025-03-26,2025-03-26 08:12:42.347,2025-03-26T06:39:05.0,GARMIN_ACTIVITY,0.0,18640152801.0,False,545.0,5453.0009765625,380ed494-259f-47c5-a8f0-36d6d2ced95f,
114492112,2025-03-26,2025-03-26 17:36:26.459,2025-03-26T17:13:26.0,GARMIN_ACTIVITY,0.0,18644727068.0,False,191.0,1347.79296875,6dc08534-4a1c-4d45-a079-62b149ac3a08,
114492112,2025-03-26,2025-03-26 19:18:25.162,2025-03-26T18:54:02.0,GARMIN_ACTIVITY,0.0,18645908863.0,False,177.0,1426.3680419921875,b4385bed-b705-4973-bfe3-a9db25c49aff,
114492112,2025-03-27,2025-03-27 08:13:30.126,2025-03-27T07:54:25.0,GARMIN_ACTIVITY,0.0,18649884860.0,False,102.0,1114.990966796875,b770c360-b548-468d-8f3b-0f558c75e892,
114492112,2025-03-27,2025-03-27 21:24:21.779,2025-03-27T20:21:00.0,GARMIN_ACTIVITY,0.0,18656509989.0,False,0.0,0.0,f5a10c79-3b2c-494b-9f4d-03a953c742b0,0.0
114492112,2025-03-28,2025-03-28 18:30:40.857,2025-03-28T17:20:15.0,GARMIN_ACTIVITY,0.0,18664073517.0,False,384.0,4155.787109375,d8b919fe-11d1-402f-a943-eeb2de8fe765,
114492112,2025-03-29,2025-03-29 15:17:29.341,2025-03-29T13:07:29.0,GARMIN_ACTIVITY,0.0,18671731393.0,False,772.0,7722.6767578125,983598be-098f-4b7b-aaac-47155d30a8ed,
114492112,2025-03-31,2025-03-31 23:01:49.950,2025-03-31T17:42:18.0,GARMIN_ACTIVITY,0.0,18694067353.0,False,133.0,1453.9150390625,691132b2-8579-4d99-a7fe-587ba01df6e9,
114492112,2025-04-01,2025-04-01 07:10:40.529,2025-04-01T07:49:37.0,GARMIN_ACTIVITY,0.0,18696192086.0,False,112.0,1235.947998046875,6143a5e1-7af3-414c-8640-9213715918ce,
114492112,2025-04-01,2025-04-01 18:47:16.460,2025-04-01T19:03:44.0,GARMIN_ACTIVITY,0.0,18702512158.0,False,175.0,1666.8299560546875,368940c8-4dca-46f0-8282-f659ff784fe3,
114492112,2025-04-02,2025-04-02 14:04:31.499,2025-04-02T14:41:37.0,GARMIN_ACTIVITY,0.0,18709449604.0,False,135.0,1359.1419677734375,04fd8129-2e96-46a4-a3ef-5f51052cadc4,
114492112,2025-04-02,2025-04-02 15:09:27.980,2025-04-02T15:43:31.0,GARMIN_ACTIVITY,0.0,18710031666.0,False,222.0,1519.823974609375,f8cad97a-6e84-4970-b324-e15f3d9676bb,
114492112,2025-04-06,2025-04-07 09:53:08.655,2025-04-06T14:03:23.0,GARMIN_ACTIVITY,0.0,18755653391.0,False,6.0,67.87000274658203,1769c726-5ce1-4a5d-a096-88d65724d84d,
114492112,2025-04-06,2025-04-07 09:53:33.742,2025-04-06T14:35:23.0,GARMIN_ACTIVITY,0.0,18755656120.0,False,419.0,4191.787109375,68eaa756-e1bf-49ca-9850-4afbee75b07a,
114492112,2025-04-10,2025-04-11 11:06:18.717,2025-04-10T07:45:49.0,GARMIN_ACTIVITY,0.0,18795519354.0,False,115.0,1154.9820556640625,1111ed54-d804-4f11-b30d-d2d7fd491a89,
114492112,2025-04-10,2025-04-11 11:06:24.734,2025-04-10T19:51:12.0,GARMIN_ACTIVITY,0.0,18795520278.0,False,89.0,896.7880249023438,755cd872-55a6-48ab-9f6f-ce36d53d5eee,
114492112,2025-04-12,2025-04-13 07:50:55.561,2025-04-12T12:53:08.0,GARMIN_ACTIVITY,0.0,18812723709.0,False,289.0,2897.510986328125,2716e0e3-2697-4f1f-9b3e-48210486321f,
114492112,2025-04-12,2025-04-13 07:51:17.626,2025-04-12T16:25:19.0,GARMIN_ACTIVITY,0.0,18812726567.0,False,294.0,2941.116943359375,9db0e46f-3349-4b68-8f3a-d5e7b096432e,
114492112,2025-04-12,2025-04-13 07:51:34.730,2025-04-12T17:20:13.0,GARMIN_ACTIVITY,0.0,18812728614.0,False,202.0,2029.008056640625,188d52b9-99c9-47c8-bdab-9c15e25f108c,
114492112,2025-04-16,2025-04-16 17:28:28.230,2025-04-16T17:09:12.0,GARMIN_ACTIVITY,0.0,18847071478.0,False,695.0,4554.93310546875,dd5480c7-7963-4b40-a3b0-7d761c55f1ad,
114492112,2025-04-18,2025-04-22 08:52:13.201,2025-04-18T10:23:46.0,GARMIN_ACTIVITY,0.0,18899262416.0,False,1021.0,10218.947265625,699d7e82-022f-4b6e-af9a-c8689fdc1462,
114492112,2025-04-18,2025-04-22 08:52:50.472,2025-04-18T15:21:29.0,GARMIN_ACTIVITY,0.0,18899266077.0,False,680.0,6810.501953125,0370ff38-5dc1-4284-ba7c-d53d96ade776,
114492112,2025-04-19,2025-04-22 08:53:27.455,2025-04-19T12:19:44.0,GARMIN_ACTIVITY,0.0,18899269644.0,False,981.0,9814.578125,ac1736de-70b9-43ad-9d36-5eabb1d48dc8,
114492112,2025-04-21,2025-04-22 08:53:37.246,2025-04-21T12:26:39.0,GARMIN_ACTIVITY,0.0,18899270611.0,False,121.0,1215.8260498046875,c21defb9-0f5a-43b0-ba29-7e5f2b64e758,
114492112,2025-04-21,2025-04-22 08:53:48.475,2025-04-21T15:33:25.0,GARMIN_ACTIVITY,0.0,18899271719.0,False,120.0,1209.2440185546875,21141233-f742-4c99-93f5-c834a7e43631,
114492112,2025-04-25,2025-04-26 09:53:13.179,2025-04-25T21:32:13.0,GARMIN_ACTIVITY,0.0,18938618154.0,False,294.0,2546.550048828125,a4eae72c-0606-4b00-9b9c-1163856dbc85,
114492112,2025-04-26,2025-05-01 21:34:12.920,2025-04-26T12:18:17.0,GARMIN_ACTIVITY,0.0,18996975947.0,False,395.0,3958.217041015625,74faf086-94ff-441b-a9ac-ed0e9e9829c9,
114492112,2025-04-26,2025-05-01 21:34:52.864,2025-04-26T18:46:02.0,GARMIN_ACTIVITY,0.0,18996979549.0,False,465.0,4656.60400390625,d1a99417-4e6a-497d-8fbf-ba021a38eb1c,
114492112,2025-04-28,2025-05-01 21:35:01.673,2025-04-28T07:52:37.0,GARMIN_ACTIVITY,0.0,18996980300.0,False,113.0,1134.0670166015625,c8622c2d-af94-4017-a477-877551a1899f,
114492112,2025-04-29,2025-05-01 21:35:08.287,2025-04-29T06:29:56.0,GARMIN_ACTIVITY,0.0,18996980932.0,False,66.0,661.125,ae4f039c-adc0-4699-b053-02f6468c908f,
114492112,2025-04-29,2025-05-01 21:35:25.499,2025-04-29T08:09:26.0,GARMIN_ACTIVITY,0.0,18996982424.0,False,105.0,1052.875,a613e6a6-bd91-4a80-a3db-a44503d6604c,
114492112,2025-05-01,2025-05-01 21:35:31.751,2025-05-01T20:34:46.0,GARMIN_ACTIVITY,0.0,18996982957.0,False,60.0,602.885009765625,a50f4420-7dc0-44b0-acf9-fcf6507a6ffc,
114492112,2025-05-01,2025-05-01 21:35:52.418,2025-05-01T22:09:37.0,GARMIN_ACTIVITY,0.0,18996984768.0,False,84.0,842.5869750976562,56a4206c-7c31-48bb-94f6-802786b0a394,
114492112,2025-05-02,2025-05-04 16:10:32.493,2025-05-02T19:24:58.0,GARMIN_ACTIVITY,0.0,19024561318.0,False,195.0,1951.970947265625,6f7fadcb-4f8e-458d-b657-41423619c035,
114492112,2025-05-03,2025-05-04 16:10:48.809,2025-05-03T13:10:42.0,GARMIN_ACTIVITY,0.0,19024564216.0,False,181.0,1812.1390380859375,8d4aa599-7ee1-48df-84a0-6eb638d4ebd5,
114492112,2025-05-03,2025-05-04 16:11:01.152,2025-05-03T15:31:24.0,GARMIN_ACTIVITY,0.0,19024566287.0,False,151.0,1516.6490478515625,fffb507a-96f7-4d95-8d50-032cc764990a,
114492112,2025-05-03,2025-05-04 16:11:06.761,2025-05-03T19:43:12.0,GARMIN_ACTIVITY,0.0,19024567206.0,False,65.0,656.3350219726562,0ac25f90-3af5-447e-af21-dc9ad15abfe7,
114492112,2025-05-05,2025-05-05 14:16:10.234,2025-05-05T09:57:13.0,GARMIN_ACTIVITY,0.0,19032224178.0,False,320.0,3207.080078125,73a143d6-28a6-463d-9c67-4b5b30e6b4e7,
114492112,2025-05-05,2025-05-05 14:16:31.453,2025-05-05T11:03:39.0,GARMIN_ACTIVITY,0.0,19032226985.0,False,242.0,2422.115966796875,fcf3b906-c8e6-4941-8105-0f828f91c8e8,
114492112,2025-05-05,2025-05-05 14:17:14.506,2025-05-05T13:35:16.0,GARMIN_ACTIVITY,0.0,19032232939.0,False,559.0,5599.56201171875,498b7421-6639-46c8-a36d-a720a4bd4798,
114492112,2025-05-06,2025-05-08 18:52:52.424,2025-05-06T18:30:51.0,GARMIN_ACTIVITY,0.0,19065216179.0,False,71.0,712.7899780273438,6a3a03f9-04a8-4f85-b6cb-0f265edd22f3,
114492112,2025-05-06,2025-05-08 18:53:09.701,2025-05-06T20:15:50.0,GARMIN_ACTIVITY,0.0,19065218935.0,False,78.0,783.177001953125,d7f63c5e-9cef-4d4a-b383-3d179e2f77e1,
114492112,2025-05-08,2025-05-08 18:53:16.338,2025-05-08T17:54:04.0,GARMIN_ACTIVITY,0.0,19065220021.0,False,73.0,731.156982421875,81e22b0c-4bfb-469e-a678-62155b070949,
114492112,2025-05-08,2025-05-08 18:53:27.227,2025-05-08T18:14:24.0,GARMIN_ACTIVITY,0.0,19065221696.0,False,440.0,4401.38623046875,5f12f32c-637b-4cc2-a64a-9c827983f375,
114492112,2025-05-08,2025-05-08 18:53:34.860,2025-05-08T19:38:18.0,GARMIN_ACTIVITY,0.0,19065222773.0,False,67.0,678.2899780273438,96f1ab25-863f-43e9-b0be-5c3f1db6cbd2,
114492112,2025-05-10,2025-05-10 21:04:09.971,2025-05-10T19:38:51.0,GARMIN_ACTIVITY,0.0,19085453882.0,False,105.0,1057.9169921875,e221633b-d645-4101-ad21-c03553f61394,
114492112,2025-05-10,2025-05-10 21:04:30.701,2025-05-10T21:46:03.0,GARMIN_ACTIVITY,0.0,19085455441.0,False,92.0,923.1900024414062,778fe9a0-81a5-40c8-abd3-d1a12b230482,
114492112,2025-05-11,2025-05-12 12:17:38.252,2025-05-11T11:21:25.0,GARMIN_ACTIVITY,0.0,19100416217.0,False,151.0,1513.68603515625,a5ef0efd-68d1-4f25-80b1-64398513fd0e,
114492112,2025-05-11,2025-05-12 12:17:51.622,2025-05-11T13:40:43.0,GARMIN_ACTIVITY,0.0,19100418006.0,False,153.0,1534.68701171875,9a1b89b4-7abf-4e95-b985-967c26cc9aa5,
114492112,2025-05-13,2025-05-14 18:51:48.502,2025-05-13T17:32:06.0,GARMIN_ACTIVITY,0.0,19125912244.0,False,64.0,646.0919799804688,dc47e353-6fb7-4373-9672-8b42a0c80fd1,
114492112,2025-05-13,2025-05-14 18:51:55.795,2025-05-13T17:57:32.0,GARMIN_ACTIVITY,0.0,19125913641.0,False,270.0,2707.0380859375,a641320c-1265-4157-8217-d23e6e9e94b9,
114492112,2025-05-14,2025-05-14 18:52:46.340,2025-05-14T17:41:50.0,GARMIN_ACTIVITY,0.0,19125922899.0,False,634.0,6348.64501953125,48f8e577-894e-450b-9a30-1ddd2c490a87,
114492112,2025-05-15,2025-05-16 20:08:03.629,2025-05-15T18:24:23.0,GARMIN_ACTIVITY,0.0,19145768782.0,False,523.0,5232.27294921875,341d4426-5ed5-4f07-9174-734d5f0f1953,
114492112,2025-05-16,2025-05-16 20:08:16.906,2025-05-16T19:54:23.0,GARMIN_ACTIVITY,0.0,19145769964.0,False,295.0,2956.846923828125,3c49f336-7066-4a33-90b5-08f7420011e9,
114492112,2025-05-16,2025-05-16 20:08:21.780,2025-05-16T20:47:06.0,GARMIN_ACTIVITY,0.0,19145770370.0,False,65.0,651.9500122070312,cd00dbd7-57bb-4dc3-9b48-48254bbdd6a5,
114492112,2025-05-17,2025-05-17 17:31:26.427,2025-05-17T12:19:20.0,GARMIN_ACTIVITY,0.0,19154589273.0,False,234.0,2349.180908203125,a4757188-ad3f-4804-926a-2f65c46a0be3,
114492112,2025-05-17,2025-05-17 17:31:52.294,2025-05-17T17:04:34.0,GARMIN_ACTIVITY,0.0,19154592644.0,False,319.0,3196.510009765625,51b369b8-60a0-44bd-b779-6e494f177b36,
114492112,2025-05-18,2025-05-18 18:16:13.532,2025-05-18T12:30:19.0,GARMIN_ACTIVITY,0.0,19165316841.0,False,134.0,1345.4229736328125,7c90ffcc-9504-4e36-855e-af55dddbd685,
114492112,2025-05-18,2025-05-18 18:16:25.157,2025-05-18T15:10:46.0,GARMIN_ACTIVITY,0.0,19165318421.0,False,141.0,1414.1419677734375,d31a1fc8-5215-4e88-aa4f-d1921f89050a,
114492112,2025-05-19,2025-05-21 08:23:54.237,2025-05-19T20:03:48.0,GARMIN_ACTIVITY,0.0,19189809556.0,False,184.0,1839.27099609375,32139700-d2aa-4e9b-b030-1324c9111c37,
114492112,2025-05-21,2025-05-22 17:33:48.614,2025-05-21T18:21:55.0,GARMIN_ACTIVITY,0.0,19204172604.0,False,159.0,1595.02294921875,3712ac59-2185-4b46-9614-66b022343f21,
114492112,2025-05-23,2025-05-24 13:53:16.830,2025-05-23T17:20:29.0,GARMIN_ACTIVITY,0.0,19221084676.0,False,174.0,1743.487060546875,778d6e39-72de-4430-a4b7-1433da9f1fd5,
114492112,2025-05-24,2025-05-24 13:58:44.690,2025-05-24T11:30:17.0,GARMIN_ACTIVITY,0.0,19221144652.0,False,1317.0,13176.134765625,01d14e5a-ea62-4889-98ae-9ce90edd18be,
114492112,2025-05-27,2025-05-28 07:03:46.134,2025-05-27T18:43:43.0,GARMIN_ACTIVITY,0.0,19256888027.0,False,435.0,4354.77490234375,c7aa066a-8525-43fe-a457-d91f0a483614,
114492112,2025-05-27,2025-05-28 07:03:52.759,2025-05-27T17:07:29.0,GARMIN_ACTIVITY,0.0,19256888729.0,False,44.0,449.4930114746094,01dcf26b-611c-4684-853e-7c29cc3d5d89,
114492112,2025-05-27,2025-05-28 07:03:58.182,2025-05-27T19:56:51.0,GARMIN_ACTIVITY,0.0,19256889287.0,False,72.0,723.666015625,4ff51794-73a3-463f-bec5-04338ad61337,
114492112,2025-05-29,2025-05-29 18:17:16.703,2025-05-29T17:13:02.0,GARMIN_ACTIVITY,0.0,19272773976.0,False,41.0,410.8819885253906,5effb93a-5e04-4410-aef3-f17010033b6d,
114492112,2025-05-29,2025-05-29 18:17:31.226,2025-05-29T18:00:35.0,GARMIN_ACTIVITY,0.0,19272776145.0,False,267.0,2678.820068359375,4a2f13b2-8da4-4792-91e9-ee412b1dea6e,
114492112,2025-05-29,2025-05-29 18:17:41.791,2025-05-29T18:46:51.0,GARMIN_ACTIVITY,0.0,19272777783.0,False,178.0,1784.4189453125,3dfa50cc-b7de-4a6a-8fa7-ff02c553e911,
114492112,2025-05-29,2025-05-29 19:01:15.363,2025-05-29T19:51:01.0,GARMIN_ACTIVITY,0.0,19273167037.0,False,90.0,591.801025390625,74123a8a-ead8-4604-9fd9-8e993a2b70e4,
114492112,2025-06-03,2025-06-03 19:16:20.214,2025-06-03T17:13:14.0,GARMIN_ACTIVITY,0.0,19323554805.0,False,48.0,489.1600036621094,6c0c2186-6591-4fd5-9928-7bea9656fbfa,
114492112,2025-06-03,2025-06-03 19:16:26.926,2025-06-03T17:44:02.0,GARMIN_ACTIVITY,0.0,19323555999.0,False,294.0,2941.77197265625,6f0ed301-2fdb-4f51-b485-be650e8c2ea7,
114492112,2025-06-03,2025-06-03 19:16:29.547,2025-06-03T18:35:25.0,GARMIN_ACTIVITY,0.0,19323556431.0,False,72.0,730.1019897460938,d59ec4bc-ce44-4644-98b0-1b5e4b1d9bf6,
114492112,2025-06-05,2025-06-05 18:36:35.281,2025-06-05T18:25:27.0,GARMIN_ACTIVITY,0.0,19343488177.0,False,405.0,4056.02001953125,507d9d01-afb6-4d66-acdb-4948b49e8b32,
114492112,2025-06-05,2025-06-05 19:02:18.488,2025-06-05T19:37:31.0,GARMIN_ACTIVITY,0.0,19343743970.0,False,147.0,1471.125,20c8704c-31f8-48e0-a823-19ed8418b9aa,
114492112,2025-06-07,2025-06-08 18:28:13.416,2025-06-07T19:44:42.0,GARMIN_ACTIVITY,0.0,19372733939.0,False,309.0,3088.883056640625,7122530e-d50e-43c2-b12b-a4039c91b9cd,
114492112,2025-06-07,2025-06-08 18:28:22.389,2025-06-07T20:49:16.0,GARMIN_ACTIVITY,0.0,19372734910.0,False,91.0,918.2969970703125,3d3252bf-d790-41de-9811-3a91c9b23775,
114492112,2025-06-08,2025-06-08 18:28:33.307,2025-06-08T18:09:21.0,GARMIN_ACTIVITY,0.0,19372736719.0,False,361.0,3618.053955078125,cbd686fa-8bb3-47bf-b0ae-8760a56c14f7,
114492112,2025-06-09,2025-06-09 18:15:41.634,2025-06-09T17:39:16.0,GARMIN_ACTIVITY,0.0,19382516097.0,False,67.0,676.5230102539062,96a1f947-33cc-44ba-8851-b4deb41679d6,
114492112,2025-06-09,2025-06-09 18:15:56.920,2025-06-09T17:55:09.0,GARMIN_ACTIVITY,0.0,19382518631.0,False,377.0,3771.873046875,e66d5274-be49-4281-ad6b-be6ca263c9c7,
114492112,2025-06-09,2025-06-09 18:16:00.255,2025-06-09T19:03:32.0,GARMIN_ACTIVITY,0.0,19382519353.0,False,59.0,597.1909790039062,f1208c01-cdcf-426a-8f11-2da07c9b6901,
114492112,2025-06-10,2025-06-10 17:55:20.797,2025-06-10T17:20:10.0,GARMIN_ACTIVITY,0.0,19392307193.0,False,67.0,677.9340209960938,eaa1dfac-e4eb-4fd2-8c6c-39077b888d08,
114492112,2025-06-10,2025-06-10 17:55:32.600,2025-06-10T17:38:21.0,GARMIN_ACTIVITY,0.0,19392309786.0,False,428.0,4286.21923828125,41fc8a96-bce3-4a32-b685-7175aa3f66fb,
114492112,2025-06-10,2025-06-10 18:29:29.414,2025-06-10T18:53:09.0,GARMIN_ACTIVITY,0.0,19392754025.0,False,180.0,1804.2459716796875,d4ee739d-4e6e-4dce-bde9-89adbb6fcf6f,
114492112,2025-06-10,2025-06-10 18:40:19.827,2025-06-10T19:29:26.0,GARMIN_ACTIVITY,0.0,19392887632.0,False,98.0,638.1290283203125,cb254a38-ef75-4a2f-953e-dc37f0be7a20,
114492112,2025-06-12,2025-06-12 17:47:42.692,2025-06-12T18:35:30.0,GARMIN_ACTIVITY,0.0,19413169705.0,False,116.0,715.885986328125,d9d68309-72de-4b33-bcc1-8de3766f314f,
114492112,2025-06-12,2025-06-12 19:27:27.884,2025-06-12T18:58:29.0,GARMIN_ACTIVITY,0.0,19414273650.0,False,60.0,604.77099609375,ff08b1d8-af6c-455c-9071-0de4d853d218,
114492112,2025-06-12,2025-06-12 19:27:36.787,2025-06-12T19:09:48.0,GARMIN_ACTIVITY,0.0,19414274969.0,False,197.0,1974.22705078125,a0e81abc-73f7-45dc-9c30-ab366c8ef9de,
114492112,2025-06-12,2025-06-12 19:27:45.453,2025-06-12T20:17:24.0,GARMIN_ACTIVITY,0.0,19414276327.0,False,101.0,593.27197265625,0db966c0-a4a0-4dff-aa4f-3292b6ced892,
114492112,2025-06-13,2025-06-13 19:45:42.100,2025-06-13T19:59:56.0,GARMIN_ACTIVITY,0.0,19423691015.0,False,270.0,2701.950927734375,89d692d7-6cc1-4ef1-b237-7fc1e08bbfc3,
114492112,2025-06-17,2025-06-17 17:56:27.991,2025-06-17T18:12:35.0,GARMIN_ACTIVITY,0.0,19462894438.0,False,245.0,2452.25,5497b8f5-d928-41fb-9e3a-4e5ece9a8f68,
114492112,2025-06-18,2025-06-18 16:24:30.309,2025-06-18T17:10:58.0,GARMIN_ACTIVITY,0.0,19472490609.0,False,123.0,795.760986328125,23dd0ff4-eca2-4b09-88d7-73fabe0020cf,
114492112,2025-06-18,2025-06-18 18:32:25.350,2025-06-18T18:19:24.0,GARMIN_ACTIVITY,0.0,19473973591.0,False,435.0,4358.3818359375,6f0b79f8-72a1-49d1-a834-3d66bf62ee2d,
114492112,2025-06-18,2025-06-18 18:51:02.524,2025-06-18T19:40:10.0,GARMIN_ACTIVITY,0.0,19474185325.0,False,99.0,637.3790283203125,b84f8cf2-b23d-49a5-a486-e85f7c6b3497,
114492112,2025-06-27,2025-06-29 12:48:33.140,2025-06-27T10:27:26.0,GARMIN_ACTIVITY,0.0,19579974615.0,False,105.0,1056.614013671875,50385ed3-f637-429b-ab63-74f22c84e4b9,
114492112,2025-06-27,2025-06-29 12:48:35.315,2025-06-27T11:09:00.0,GARMIN_ACTIVITY,0.0,19579975008.0,False,50.0,506.4100036621094,b5d1340f-cf07-4f8f-9b9d-fa4df36224ae,
114492112,2025-07-03,2025-07-03 20:54:03.579,2025-07-03T20:46:35.0,GARMIN_ACTIVITY,0.0,19624126229.0,False,633.0,3988.757080078125,aea75ef2-8703-417f-95d2-57043d5c1dd3,
114492112,2025-07-04,2025-07-04 18:05:09.554,2025-07-04T17:19:48.0,GARMIN_ACTIVITY,0.0,19632449545.0,False,707.0,4325.32080078125,1827d423-d1e7-4453-b377-3d3b6a9ea44b,
114492112,2025-07-06,2025-07-06 10:52:08.661,2025-07-06T11:18:40.0,GARMIN_ACTIVITY,0.0,19648146748.0,False,129.0,697.7340087890625,50ad9862-ee01-4072-9f47-17ced7fdfabb,
114492112,2025-07-06,2025-07-06 11:05:42.259,2025-07-06T11:37:39.0,GARMIN_ACTIVITY,0.0,19648295987.0,False,356.0,1576.93603515625,13757eb6-dc56-4d3c-bf06-516a3b075f3e,
114492112,2025-07-06,2025-07-06 11:27:41.736,2025-07-06T12:06:55.0,GARMIN_ACTIVITY,0.0,19648524306.0,False,240.0,1235.8580322265625,3b9113b4-73dd-49f7-98c3-8612ce7f49cb,
114492112,2025-07-06,2025-07-06 12:46:41.796,2025-07-06T13:10:29.0,GARMIN_ACTIVITY,0.0,19649312545.0,False,298.0,1904.1669921875,dc2e7e35-56a4-49b4-8f44-b9f3c24937ba,
114492112,2025-07-07,2025-07-07 17:18:14.800,2025-07-07T17:36:50.0,GARMIN_ACTIVITY,0.0,19660795919.0,False,235.0,846.89501953125,693ac7f6-e05c-4c85-b0b6-ae167bf86e2e,
114492112,2025-07-07,2025-07-07 18:59:40.760,2025-07-07T18:47:45.0,GARMIN_ACTIVITY,0.0,19661923301.0,False,773.0,4146.59814453125,1c136059-fa79-4588-85a7-807829bd5725,
114492112,2025-07-08,2025-07-08 17:07:09.850,2025-07-08T17:27:20.0,GARMIN_ACTIVITY,0.0,19671052075.0,False,355.0,2280.4560546875,19536625-87b6-4527-bcfd-fe66da3090fb,
114492112,2025-07-08,2025-07-08 17:47:34.891,2025-07-08T18:09:57.0,GARMIN_ACTIVITY,0.0,19671534829.0,False,483.0,2069.6669921875,adfd20f7-181a-43d7-8df2-3a216f9c4118,
114492112,2025-07-11,2025-07-11 06:54:45.210,2025-07-11T07:25:13.0,GARMIN_ACTIVITY,0.0,19696991762.0,False,199.0,1176.8489990234375,b406d251-d3be-4a88-a309-b815402753cd,
114492112,2025-07-13,2025-07-13 18:34:50.915,2025-07-13T18:33:58.0,GARMIN_ACTIVITY,0.0,19723585716.0,False,567.0,2144.407958984375,d81e21c3-85ae-40a8-bde2-3cdf4c5a450a,
114492112,2025-07-13,2025-07-13 18:58:18.258,2025-07-13T19:40:05.0,GARMIN_ACTIVITY,0.0,19723773388.0,False,190.0,1027.8189697265625,10656624-1035-4d51-8390-2b129c5660c5,
114492112,2025-07-13,2025-07-13 19:51:50.639,2025-07-13T19:58:23.0,GARMIN_ACTIVITY,0.0,19724156705.0,False,536.0,2947.117919921875,ec985376-2c94-4b79-afcb-a462fbfa7241,
114492112,2025-07-14,2025-07-14 17:26:53.484,2025-07-14T17:32:55.0,GARMIN_ACTIVITY,0.0,19732356249.0,False,221.0,796.7849731445312,92c2f233-0ab9-4403-975f-f29b2e3f9225,
114492112,2025-07-14,2025-07-14 17:27:01.458,2025-07-14T17:57:25.0,GARMIN_ACTIVITY,0.0,19732357791.0,False,180.0,1137.1910400390625,2149dc4d-8ab6-4d08-bce5-a28cb301f0cf,
114492112,2025-07-14,2025-07-14 17:51:41.941,2025-07-14T18:35:16.0,GARMIN_ACTIVITY,0.0,19732643560.0,False,221.0,800.094970703125,84c99fe5-a72f-4953-ab55-58ddbb0231c1,
114492112,2025-07-15,2025-07-15 18:24:13.800,2025-07-15T18:52:05.0,GARMIN_ACTIVITY,0.0,19743801432.0,False,309.0,1800.322998046875,eeeed736-9a0e-4768-8353-3b968c7b57c6,
114492112,2025-07-15,2025-07-15 18:59:39.191,2025-07-15T19:24:38.0,GARMIN_ACTIVITY,0.0,19744211719.0,False,420.0,1996.5860595703125,ece9c89c-8e5a-45e0-a1f1-6bb967c64849,
114492112,2025-07-17,2025-07-17 07:24:17.239,2025-07-17T08:17:36.0,GARMIN_ACTIVITY,0.0,19758817330.0,False,41.0,343.2869873046875,92391581-bebc-4733-b81a-1fc6c4482b88,
114492112,2025-07-20,2025-07-20 13:42:24.612,2025-07-20T12:25:16.0,GARMIN_ACTIVITY,0.0,19792704012.0,False,1271.0,7563.2119140625,beab1c11-c765-4c18-9d29-ac1e5dfb2d7f,
114492112,2025-07-25,2025-07-25 16:48:54.475,2025-07-25T17:35:13.0,GARMIN_ACTIVITY,0.0,19846250066.0,False,95.0,514.9199829101562,b17b5437-4d08-4bd3-b20f-9d751cbfae55,
114492112,2025-07-25,2025-07-25 17:53:30.470,2025-07-25T17:57:10.0,GARMIN_ACTIVITY,0.0,19846857363.0,False,585.0,3122.507080078125,04b1e587-d9da-4682-8235-a29c8e60a7ea,
114492112,2025-07-25,2025-07-25 18:38:53.804,2025-07-25T19:30:36.0,GARMIN_ACTIVITY,0.0,19847244362.0,False,77.0,347.9849853515625,d4dc3ee5-3c9a-4264-b58b-7fbd2151a832,
114492112,2025-07-27,2025-07-27 18:10:50.134,2025-07-27T18:23:52.0,GARMIN_ACTIVITY,0.0,19867366819.0,False,141.0,815.6959838867188,cfa7ce7e-4112-4b9d-b2c2-d3a9a244ea77,
114492112,2025-07-27,2025-07-27 18:10:50.252,2025-07-27T16:43:14.0,GARMIN_ACTIVITY,0.0,19867366754.0,False,774.0,5401.119140625,f0962f78-ac97-4ca3-a8ba-b0d60c86a457,
114492112,2025-07-29,2025-07-29 16:40:29.452,2025-07-29T17:20:23.0,GARMIN_ACTIVITY,0.0,19886423601.0,False,81.0,453.51300048828125,c6a9a588-ddbb-4752-9bc5-cb34de5a041e,
114492112,2025-07-29,2025-07-29 17:37:46.968,2025-07-29T17:51:09.0,GARMIN_ACTIVITY,0.0,19887158800.0,False,403.0,2710.23388671875,32a4b6eb-f75f-4191-81ce-9936dd98b382,
114492112,2025-07-29,2025-07-29 18:08:57.234,2025-07-29T18:38:33.0,GARMIN_ACTIVITY,0.0,19887574237.0,False,351.0,1811.68505859375,df918333-2e0a-4f69-b3b6-0c4790454381,
114492112,2025-08-03,2025-08-03 15:41:30.695,2025-08-03T13:45:59.0,GARMIN_ACTIVITY,0.0,19938280531.0,False,1124.0,7729.05078125,56a92228-cc5a-42ad-95e1-83a7d6800f2d,
114492112,2025-08-04,2025-08-04 17:43:25.388,2025-08-04T17:45:58.0,GARMIN_ACTIVITY,0.0,19950410609.0,False,546.0,3122.699951171875,bd18571c-57a5-48c3-9f7f-15e12a589016,
114492112,2025-08-05,2025-08-05 22:01:25.275,2025-08-05T22:25:03.0,GARMIN_ACTIVITY,0.0,19963900160.0,False,45.0,334.0,89bfb813-9293-418a-a614-33d3bed3e6b0,
114492112,2025-08-07,2025-08-07 18:02:35.866,2025-08-07T17:55:31.0,GARMIN_ACTIVITY,0.0,19984194121.0,False,434.0,3467.760009765625,470dc49a-44be-4f2a-8e98-bae12f25abab,
